meter_id,city,house_type,date,total_kwh_daily,avg_hourly_kwh,peak_hour,sma_7day,anomaly_count
M001,Delhi,Apartment,2026-04-01,7.288,0.304,20,7.288,0
M001,Delhi,Apartment,2026-04-02,7.473,0.311,20,7.381,0
M001,Delhi,Apartment,2026-04-03,7.192,0.3,20,7.318,0
M001,Delhi,Apartment,2026-04-04,8.212,0.342,20,7.541,0
M001,Delhi,Apartment,2026-04-05,8.373,0.349,20,7.708,0
M001,Delhi,Apartment,2026-04-06,7.404,0.309,19,7.657,0
M001,Delhi,Apartment,2026-04-07,7.232,0.301,20,7.596,0
M001,Delhi,Apartment,2026-04-08,7.44,0.31,21,7.618,0
M001,Delhi,Apartment,2026-04-09,7.116,0.297,20,7.567,0
M001,Delhi,Apartment,2026-04-10,7.014,0.292,19,7.542,0
M001,Delhi,Apartment,2026-04-11,7.717,0.336,20,7.471,0
M001,Delhi,Apartment,2026-04-12,8.415,0.351,19,7.477,0
M001,Delhi,Apartment,2026-04-13,7.624,0.318,19,7.508,0
M001,Delhi,Apartment,2026-04-14,7.33,0.305,19,7.522,0
M001,Delhi,Apartment,2026-04-15,6.853,0.298,20,7.438,0
M001,Delhi,Apartment,2026-04-16,7.415,0.309,20,7.481,0
M001,Delhi,Apartment,2026-04-17,7.255,0.302,20,7.516,0
M001,Delhi,Apartment,2026-04-18,8.357,0.348,19,7.607,0
M001,Delhi,Apartment,2026-04-19,8.302,0.346,20,7.591,1
M001,Delhi,Apartment,2026-04-20,7.192,0.3,20,7.529,0
M001,Delhi,Apartment,2026-04-21,6.617,0.288,20,7.427,0
M001,Delhi,Apartment,2026-04-22,6.137,0.279,19,7.325,0
M001,Delhi,Apartment,2026-04-23,7.094,0.296,20,7.279,0
M001,Delhi,Apartment,2026-04-24,7.073,0.295,20,7.253,0
M001,Delhi,Apartment,2026-04-25,8.205,0.342,21,7.231,0
M001,Delhi,Apartment,2026-04-26,8.342,0.348,19,7.237,0
M001,Delhi,Apartment,2026-04-27,7.152,0.311,20,7.231,0
M001,Delhi,Apartment,2026-04-28,6.921,0.288,19,7.275,0
M001,Delhi,Apartment,2026-04-29,7.253,0.302,20,7.434,0
M001,Delhi,Apartment,2026-04-30,6.962,0.29,21,7.415,0
M002,Mumbai,Villa,2026-04-01,11.026,0.459,20,11.026,0
M002,Mumbai,Villa,2026-04-02,11.547,0.481,20,11.287,0
M002,Mumbai,Villa,2026-04-03,11.12,0.463,19,11.231,0
M002,Mumbai,Villa,2026-04-04,12.832,0.535,20,11.631,0
M002,Mumbai,Villa,2026-04-05,12.353,0.515,21,11.776,0
M002,Mumbai,Villa,2026-04-06,11.294,0.471,19,11.695,0
M002,Mumbai,Villa,2026-04-07,10.833,0.451,21,11.572,0
M002,Mumbai,Villa,2026-04-08,10.931,0.455,20,11.559,0
M002,Mumbai,Villa,2026-04-09,11.726,0.489,20,11.584,0
M002,Mumbai,Villa,2026-04-10,11.334,0.472,21,11.615,0
M002,Mumbai,Villa,2026-04-11,12.653,0.527,20,11.589,0
M002,Mumbai,Villa,2026-04-12,13.514,0.563,19,11.755,0
M002,Mumbai,Villa,2026-04-13,11.046,0.46,20,11.72,0
M002,Mumbai,Villa,2026-04-14,11.423,0.476,21,11.804,0
M002,Mumbai,Villa,2026-04-15,11.65,0.485,20,11.907,0
M002,Mumbai,Villa,2026-04-16,11.773,0.491,20,11.913,0
M002,Mumbai,Villa,2026-04-17,11.272,0.47,20,11.904,0
M002,Mumbai,Villa,2026-04-18,13.249,0.552,20,11.99,0
M002,Mumbai,Villa,2026-04-19,11.755,0.511,20,11.738,0
M002,Mumbai,Villa,2026-04-20,11.586,0.483,19,11.815,0
M002,Mumbai,Villa,2026-04-21,10.823,0.451,19,11.73,0
M002,Mumbai,Villa,2026-04-22,11.226,0.468,20,11.669,0
M002,Mumbai,Villa,2026-04-23,11.66,0.486,20,11.653,0
M002,Mumbai,Villa,2026-04-24,11.066,0.461,20,11.624,0
M002,Mumbai,Villa,2026-04-25,12.769,0.532,19,11.555,0
M002,Mumbai,Villa,2026-04-26,13.322,0.555,18,11.779,0
M002,Mumbai,Villa,2026-04-27,11.227,0.468,19,11.728,0
M002,Mumbai,Villa,2026-04-28,11.129,0.464,20,11.771,0
M002,Mumbai,Villa,2026-04-29,11.538,0.481,19,11.816,0
M002,Mumbai,Villa,2026-04-30,10.961,0.457,20,11.716,0
M003,Hyderabad,Independent House,2026-04-01,6.96,0.29,20,6.96,1
M003,Hyderabad,Independent House,2026-04-02,6.666,0.278,20,6.813,0
M003,Hyderabad,Independent House,2026-04-03,6.573,0.274,20,6.733,0
M003,Hyderabad,Independent House,2026-04-04,7.313,0.318,20,6.878,0
M003,Hyderabad,Independent House,2026-04-05,7.076,0.322,21,6.918,0
M003,Hyderabad,Independent House,2026-04-06,6.494,0.271,20,6.847,0
M003,Hyderabad,Independent House,2026-04-07,6.526,0.284,21,6.801,0
M003,Hyderabad,Independent House,2026-04-08,6.794,0.283,19,6.777,0
M003,Hyderabad,Independent House,2026-04-09,6.517,0.272,19,6.756,0
M003,Hyderabad,Independent House,2026-04-10,6.633,0.276,20,6.765,0
M003,Hyderabad,Independent House,2026-04-11,7.262,0.303,19,6.757,0
M003,Hyderabad,Independent House,2026-04-12,7.584,0.316,19,6.83,0
M003,Hyderabad,Independent House,2026-04-13,6.501,0.271,19,6.831,0
M003,Hyderabad,Independent House,2026-04-14,6.639,0.277,21,6.847,0
M003,Hyderabad,Independent House,2026-04-15,6.343,0.264,20,6.783,0
M003,Hyderabad,Independent House,2026-04-16,6.564,0.274,21,6.789,0
M003,Hyderabad,Independent House,2026-04-17,6.153,0.256,20,6.721,0
M003,Hyderabad,Independent House,2026-04-18,7.749,0.323,19,6.79,0
M003,Hyderabad,Independent House,2026-04-19,7.254,0.302,20,6.743,0
M003,Hyderabad,Independent House,2026-04-20,6.332,0.264,21,6.719,0
M003,Hyderabad,Independent House,2026-04-21,5.87,0.267,21,6.609,0
M003,Hyderabad,Independent House,2026-04-22,6.538,0.272,21,6.637,0
M003,Hyderabad,Independent House,2026-04-23,6.418,0.267,20,6.616,0
M003,Hyderabad,Independent House,2026-04-24,6.909,0.288,19,6.724,0
M003,Hyderabad,Independent House,2026-04-25,7.51,0.313,19,6.69,0
M003,Hyderabad,Independent House,2026-04-26,7.587,0.316,21,6.738,0
M003,Hyderabad,Independent House,2026-04-27,6.448,0.269,20,6.754,0
M003,Hyderabad,Independent House,2026-04-28,6.053,0.263,20,6.78,0
M003,Hyderabad,Independent House,2026-04-29,6.915,0.288,19,6.834,0
M003,Hyderabad,Independent House,2026-04-30,6.692,0.279,20,6.873,0
M004,Pune,Apartment,2026-04-01,5.986,0.249,20,5.986,2
M004,Pune,Apartment,2026-04-02,5.918,0.247,20,5.952,0
M004,Pune,Apartment,2026-04-03,5.985,0.249,20,5.963,0
M004,Pune,Apartment,2026-04-04,6.627,0.276,20,6.129,0
M004,Pune,Apartment,2026-04-05,6.59,0.275,21,6.221,0
M004,Pune,Apartment,2026-04-06,6.003,0.25,20,6.185,0
M004,Pune,Apartment,2026-04-07,6.081,0.253,19,6.17,0
M004,Pune,Apartment,2026-04-08,6.213,0.259,20,6.202,0
M004,Pune,Apartment,2026-04-09,6.057,0.252,21,6.222,0
M004,Pune,Apartment,2026-04-10,5.686,0.237,20,6.18,0
M004,Pune,Apartment,2026-04-11,6.388,0.266,21,6.145,0
M004,Pune,Apartment,2026-04-12,7.082,0.295,21,6.216,0
M004,Pune,Apartment,2026-04-13,5.752,0.25,19,6.18,0
M004,Pune,Apartment,2026-04-14,6.155,0.256,20,6.19,0
M004,Pune,Apartment,2026-04-15,6.14,0.256,21,6.18,0
M004,Pune,Apartment,2026-04-16,6.121,0.255,20,6.189,0
M004,Pune,Apartment,2026-04-17,6.072,0.253,20,6.244,0
M004,Pune,Apartment,2026-04-18,7.157,0.298,19,6.354,0
M004,Pune,Apartment,2026-04-19,6.609,0.275,19,6.287,0
M004,Pune,Apartment,2026-04-20,6.122,0.255,19,6.339,0
M004,Pune,Apartment,2026-04-21,5.867,0.244,19,6.298,0
M004,Pune,Apartment,2026-04-22,5.909,0.246,21,6.265,0
M004,Pune,Apartment,2026-04-23,5.928,0.247,20,6.238,0
M004,Pune,Apartment,2026-04-24,5.84,0.243,20,6.205,0
M004,Pune,Apartment,2026-04-25,7.002,0.292,20,6.182,0
M004,Pune,Apartment,2026-04-26,7.043,0.293,20,6.244,0
M004,Pune,Apartment,2026-04-27,5.977,0.249,20,6.224,0
M004,Pune,Apartment,2026-04-28,5.394,0.235,21,6.156,0
M004,Pune,Apartment,2026-04-29,5.953,0.259,20,6.162,0
M004,Pune,Apartment,2026-04-30,5.6,0.233,20,6.116,0
M005,Delhi,Apartment,2026-04-01,3.917,0.163,19,3.917,0
M005,Delhi,Apartment,2026-04-02,4.026,0.168,21,3.972,0
M005,Delhi,Apartment,2026-04-03,4.041,0.168,20,3.995,0
M005,Delhi,Apartment,2026-04-04,4.591,0.191,20,4.144,0
M005,Delhi,Apartment,2026-04-05,4.705,0.196,21,4.256,0
M005,Delhi,Apartment,2026-04-06,3.956,0.165,21,4.206,0
M005,Delhi,Apartment,2026-04-07,3.95,0.165,20,4.169,0
M005,Delhi,Apartment,2026-04-08,4.083,0.17,20,4.193,0
M005,Delhi,Apartment,2026-04-09,3.97,0.165,20,4.185,0
M005,Delhi,Apartment,2026-04-10,4.036,0.168,19,4.184,0
M005,Delhi,Apartment,2026-04-11,4.849,0.202,21,4.221,0
M005,Delhi,Apartment,2026-04-12,4.582,0.191,19,4.204,0
M005,Delhi,Apartment,2026-04-13,3.745,0.156,20,4.174,0
M005,Delhi,Apartment,2026-04-14,3.737,0.17,20,4.143,0
M005,Delhi,Apartment,2026-04-15,4.064,0.169,20,4.14,0
M005,Delhi,Apartment,2026-04-16,3.946,0.164,20,4.137,0
M005,Delhi,Apartment,2026-04-17,3.935,0.164,19,4.123,0
M005,Delhi,Apartment,2026-04-18,4.714,0.196,19,4.103,0
M005,Delhi,Apartment,2026-04-19,4.486,0.187,19,4.09,0
M005,Delhi,Apartment,2026-04-20,3.623,0.158,20,4.072,0
M005,Delhi,Apartment,2026-04-21,4.054,0.169,20,4.117,0
M005,Delhi,Apartment,2026-04-22,3.785,0.158,19,4.078,0
M005,Delhi,Apartment,2026-04-23,4.069,0.17,19,4.095,0
M005,Delhi,Apartment,2026-04-24,4.185,0.174,20,4.131,0
M005,Delhi,Apartment,2026-04-25,4.475,0.186,19,4.097,0
M005,Delhi,Apartment,2026-04-26,4.737,0.197,21,4.133,0
M005,Delhi,Apartment,2026-04-27,3.898,0.162,21,4.172,0
M005,Delhi,Apartment,2026-04-28,4.111,0.171,19,4.18,0
M005,Delhi,Apartment,2026-04-29,4.069,0.17,20,4.221,0
M005,Delhi,Apartment,2026-04-30,4.099,0.171,19,4.225,0
M006,Mumbai,Independent House,2026-04-01,8.843,0.402,20,8.843,1
M006,Mumbai,Independent House,2026-04-02,9.337,0.389,20,9.09,0
M006,Mumbai,Independent House,2026-04-03,8.623,0.375,21,8.934,0
M006,Mumbai,Independent House,2026-04-04,10.338,0.431,19,9.285,0
M006,Mumbai,Independent House,2026-04-05,10.56,0.44,20,9.54,0
M006,Mumbai,Independent House,2026-04-06,9.109,0.38,19,9.468,0
M006,Mumbai,Independent House,2026-04-07,9.452,0.394,19,9.466,0
M006,Mumbai,Independent House,2026-04-08,9.307,0.388,20,9.532,0
M006,Mumbai,Independent House,2026-04-09,9.075,0.378,20,9.495,0
M006,Mumbai,Independent House,2026-04-10,9.454,0.394,20,9.614,0
M006,Mumbai,Independent House,2026-04-11,10.311,0.448,19,9.61,0
M006,Mumbai,Independent House,2026-04-12,10.445,0.435,19,9.593,0
M006,Mumbai,Independent House,2026-04-13,8.828,0.368,20,9.553,0
M006,Mumbai,Independent House,2026-04-14,8.896,0.387,20,9.474,0
M006,Mumbai,Independent House,2026-04-15,8.134,0.37,21,9.306,0
M006,Mumbai,Independent House,2026-04-16,9.459,0.394,20,9.361,0
M006,Mumbai,Independent House,2026-04-17,9.815,0.409,19,9.413,0
M006,Mumbai,Independent House,2026-04-18,10.794,0.45,19,9.482,0
M006,Mumbai,Independent House,2026-04-19,10.644,0.443,20,9.51,0
M006,Mumbai,Independent House,2026-04-20,8.194,0.356,19,9.419,0
M006,Mumbai,Independent House,2026-04-21,9.058,0.377,20,9.443,0
M006,Mumbai,Independent House,2026-04-22,9.364,0.39,20,9.618,0
M006,Mumbai,Independent House,2026-04-23,9.385,0.391,19,9.608,0
M006,Mumbai,Independent House,2026-04-24,9.165,0.382,20,9.515,0
M006,Mumbai,Independent House,2026-04-25,10.62,0.443,20,9.49,0
M006,Mumbai,Independent House,2026-04-26,11.821,0.493,20,9.658,0
M006,Mumbai,Independent House,2026-04-27,9.374,0.391,20,9.827,0
M006,Mumbai,Independent House,2026-04-28,9.226,0.384,20,9.851,0
M006,Mumbai,Independent House,2026-04-29,9.109,0.38,21,9.814,0
M006,Mumbai,Independent House,2026-04-30,9.307,0.388,20,9.803,0
M007,Pune,Apartment,2026-04-01,4.554,0.19,21,4.554,1
M007,Pune,Apartment,2026-04-02,4.5,0.187,21,4.527,0
M007,Pune,Apartment,2026-04-03,4.567,0.19,21,4.54,0
M007,Pune,Apartment,2026-04-04,5.146,0.224,20,4.692,0
M007,Pune,Apartment,2026-04-05,5.314,0.221,19,4.816,0
M007,Pune,Apartment,2026-04-06,4.777,0.199,20,4.81,0
M007,Pune,Apartment,2026-04-07,4.764,0.198,20,4.803,0
M007,Pune,Apartment,2026-04-08,4.487,0.187,21,4.794,0
M007,Pune,Apartment,2026-04-09,4.673,0.195,20,4.818,0
M007,Pune,Apartment,2026-04-10,4.733,0.197,19,4.842,0
M007,Pune,Apartment,2026-04-11,5.344,0.223,19,4.87,0
M007,Pune,Apartment,2026-04-12,5.541,0.231,19,4.903,0
M007,Pune,Apartment,2026-04-13,4.514,0.188,19,4.865,0
M007,Pune,Apartment,2026-04-14,4.565,0.19,20,4.837,0
M007,Pune,Apartment,2026-04-15,4.737,0.206,19,4.872,0
M007,Pune,Apartment,2026-04-16,4.575,0.191,20,4.858,0
M007,Pune,Apartment,2026-04-17,4.644,0.193,20,4.846,0
M007,Pune,Apartment,2026-04-18,5.156,0.215,20,4.819,0
M007,Pune,Apartment,2026-04-19,5.348,0.223,20,4.791,0
M007,Pune,Apartment,2026-04-20,4.584,0.191,20,4.801,0
M007,Pune,Apartment,2026-04-21,4.566,0.19,20,4.801,0
M007,Pune,Apartment,2026-04-22,4.341,0.181,20,4.745,0
M007,Pune,Apartment,2026-04-23,4.601,0.192,20,4.749,0
M007,Pune,Apartment,2026-04-24,4.459,0.186,20,4.722,0
M007,Pune,Apartment,2026-04-25,5.368,0.224,19,4.752,0
M007,Pune,Apartment,2026-04-26,5.392,0.225,20,4.759,0
M007,Pune,Apartment,2026-04-27,4.572,0.191,20,4.757,0
M007,Pune,Apartment,2026-04-28,4.58,0.191,19,4.759,0
M007,Pune,Apartment,2026-04-29,4.509,0.188,21,4.783,0
M007,Pune,Apartment,2026-04-30,4.448,0.185,20,4.761,0
M008,Mumbai,Studio,2026-04-01,3.274,0.136,21,3.274,1
M008,Mumbai,Studio,2026-04-02,3.37,0.14,20,3.322,0
M008,Mumbai,Studio,2026-04-03,3.341,0.139,20,3.328,0
M008,Mumbai,Studio,2026-04-04,3.733,0.156,20,3.43,0
M008,Mumbai,Studio,2026-04-05,3.737,0.156,20,3.491,0
M008,Mumbai,Studio,2026-04-06,3.303,0.138,20,3.46,0
M008,Mumbai,Studio,2026-04-07,3.142,0.131,21,3.414,0
M008,Mumbai,Studio,2026-04-08,3.258,0.142,20,3.412,0
M008,Mumbai,Studio,2026-04-09,3.403,0.142,20,3.417,0
M008,Mumbai,Studio,2026-04-10,3.217,0.134,20,3.399,0
M008,Mumbai,Studio,2026-04-11,3.841,0.16,19,3.414,0
M008,Mumbai,Studio,2026-04-12,3.867,0.161,21,3.433,0
M008,Mumbai,Studio,2026-04-13,3.371,0.14,19,3.443,0
M008,Mumbai,Studio,2026-04-14,3.414,0.142,20,3.482,0
M008,Mumbai,Studio,2026-04-15,3.343,0.139,20,3.494,0
M008,Mumbai,Studio,2026-04-16,3.28,0.137,20,3.476,0
M008,Mumbai,Studio,2026-04-17,3.268,0.136,20,3.483,0
M008,Mumbai,Studio,2026-04-18,3.915,0.163,19,3.494,0
M008,Mumbai,Studio,2026-04-19,3.596,0.156,20,3.455,0
M008,Mumbai,Studio,2026-04-20,3.225,0.134,21,3.434,0
M008,Mumbai,Studio,2026-04-21,3.235,0.135,20,3.409,0
M008,Mumbai,Studio,2026-04-22,3.367,0.14,21,3.412,0
M008,Mumbai,Studio,2026-04-23,3.325,0.139,19,3.419,0
M008,Mumbai,Studio,2026-04-24,3.302,0.144,21,3.424,0
M008,Mumbai,Studio,2026-04-25,3.655,0.159,20,3.386,0
M008,Mumbai,Studio,2026-04-26,3.634,0.151,20,3.392,0
M008,Mumbai,Studio,2026-04-27,3.246,0.135,20,3.395,0
M008,Mumbai,Studio,2026-04-28,3.391,0.141,20,3.417,0
M008,Mumbai,Studio,2026-04-29,3.305,0.138,20,3.408,0
M008,Mumbai,Studio,2026-04-30,3.287,0.137,19,3.403,0
M009,Delhi,Villa,2026-04-01,14.827,0.618,20,14.827,1
M009,Delhi,Villa,2026-04-02,14.784,0.616,19,14.805,0
M009,Delhi,Villa,2026-04-03,14.966,0.624,19,14.859,0
M009,Delhi,Villa,2026-04-04,16.921,0.705,20,15.375,0
M009,Delhi,Villa,2026-04-05,17.201,0.717,19,15.74,0
M009,Delhi,Villa,2026-04-06,15.226,0.634,20,15.654,0
M009,Delhi,Villa,2026-04-07,14.913,0.621,18,15.548,0
M009,Delhi,Villa,2026-04-08,14.346,0.598,21,15.48,0
M009,Delhi,Villa,2026-04-09,14.102,0.613,20,15.382,0
M009,Delhi,Villa,2026-04-10,14.157,0.59,21,15.267,0
M009,Delhi,Villa,2026-04-11,16.152,0.673,20,15.157,0
M009,Delhi,Villa,2026-04-12,16.911,0.705,20,15.115,0
M009,Delhi,Villa,2026-04-13,12.607,0.573,19,14.741,0
M009,Delhi,Villa,2026-04-14,14.108,0.588,20,14.626,0
M009,Delhi,Villa,2026-04-15,14.638,0.61,19,14.668,0
M009,Delhi,Villa,2026-04-16,15.226,0.634,20,14.828,0
M009,Delhi,Villa,2026-04-17,14.559,0.607,20,14.886,0
M009,Delhi,Villa,2026-04-18,16.826,0.701,20,14.982,1
M009,Delhi,Villa,2026-04-19,17.123,0.713,20,15.012,0
M009,Delhi,Villa,2026-04-20,14.437,0.602,20,15.274,0
M009,Delhi,Villa,2026-04-21,14.483,0.603,20,15.327,0
M009,Delhi,Villa,2026-04-22,14.807,0.617,20,15.352,0
M009,Delhi,Villa,2026-04-23,13.789,0.6,20,15.146,0
M009,Delhi,Villa,2026-04-24,14.402,0.6,20,15.124,0
M009,Delhi,Villa,2026-04-25,17.331,0.722,20,15.196,0
M009,Delhi,Villa,2026-04-26,16.758,0.698,20,15.144,0
M009,Delhi,Villa,2026-04-27,14.354,0.598,20,15.132,0
M009,Delhi,Villa,2026-04-28,14.775,0.616,20,15.174,0
M009,Delhi,Villa,2026-04-29,14.6,0.664,19,15.144,0
M009,Delhi,Villa,2026-04-30,14.219,0.592,20,15.206,0
M010,Hyderabad,Independent House,2026-04-01,9.161,0.382,19,9.161,1
M010,Hyderabad,Independent House,2026-04-02,8.796,0.367,20,8.979,0
M010,Hyderabad,Independent House,2026-04-03,8.32,0.347,19,8.759,0
M010,Hyderabad,Independent House,2026-04-04,9.871,0.411,20,9.037,1
M010,Hyderabad,Independent House,2026-04-05,9.744,0.424,20,9.178,0
M010,Hyderabad,Independent House,2026-04-06,7.993,0.363,20,8.981,0
M010,Hyderabad,Independent House,2026-04-07,8.311,0.346,20,8.885,0
M010,Hyderabad,Independent House,2026-04-08,8.578,0.357,19,8.802,0
M010,Hyderabad,Independent House,2026-04-09,8.564,0.357,19,8.769,0
M010,Hyderabad,Independent House,2026-04-10,7.987,0.347,20,8.721,0
M010,Hyderabad,Independent House,2026-04-11,9.927,0.414,21,8.729,0
M010,Hyderabad,Independent House,2026-04-12,9.961,0.433,19,8.76,0
M010,Hyderabad,Independent House,2026-04-13,8.388,0.35,19,8.817,0
M010,Hyderabad,Independent House,2026-04-14,8.628,0.36,20,8.862,0
M010,Hyderabad,Independent House,2026-04-15,8.588,0.358,20,8.863,0
M010,Hyderabad,Independent House,2026-04-16,8.646,0.36,20,8.875,0
M010,Hyderabad,Independent House,2026-04-17,8.492,0.354,20,8.947,0
M010,Hyderabad,Independent House,2026-04-18,9.882,0.412,21,8.941,0
M010,Hyderabad,Independent House,2026-04-19,9.815,0.409,19,8.92,0
M010,Hyderabad,Independent House,2026-04-20,8.923,0.372,20,8.996,0
M010,Hyderabad,Independent House,2026-04-21,8.86,0.369,20,9.029,0
M010,Hyderabad,Independent House,2026-04-22,8.22,0.342,21,8.977,0
M010,Hyderabad,Independent House,2026-04-23,8.908,0.371,20,9.014,0
M010,Hyderabad,Independent House,2026-04-24,9.095,0.379,19,9.1,0
M010,Hyderabad,Independent House,2026-04-25,9.946,0.414,20,9.11,0
M010,Hyderabad,Independent House,2026-04-26,9.951,0.415,20,9.129,0
M010,Hyderabad,Independent House,2026-04-27,8.474,0.353,20,9.065,0
M010,Hyderabad,Independent House,2026-04-28,8.362,0.364,20,8.994,0
M010,Hyderabad,Independent House,2026-04-29,8.711,0.363,20,9.064,0
M010,Hyderabad,Independent House,2026-04-30,8.507,0.354,19,9.007,0
M011,Jaipur,Villa,2026-04-01,11.081,0.462,20,11.081,1
M011,Jaipur,Villa,2026-04-02,10.99,0.458,21,11.036,0
M011,Jaipur,Villa,2026-04-03,11.837,0.493,20,11.303,0
M011,Jaipur,Villa,2026-04-04,13.024,0.543,20,11.733,0
M011,Jaipur,Villa,2026-04-05,12.415,0.517,19,11.869,0
M011,Jaipur,Villa,2026-04-06,11.276,0.47,21,11.771,0
M011,Jaipur,Villa,2026-04-07,11.181,0.466,19,11.686,0
M011,Jaipur,Villa,2026-04-08,10.178,0.443,19,11.557,0
M011,Jaipur,Villa,2026-04-09,10.776,0.469,21,11.527,0
M011,Jaipur,Villa,2026-04-10,11.197,0.467,20,11.435,0
M011,Jaipur,Villa,2026-04-11,13.226,0.551,20,11.464,0
M011,Jaipur,Villa,2026-04-12,12.585,0.524,20,11.488,0
M011,Jaipur,Villa,2026-04-13,10.014,0.435,20,11.308,0
M011,Jaipur,Villa,2026-04-14,11.205,0.467,21,11.312,0
M011,Jaipur,Villa,2026-04-15,11.195,0.487,21,11.457,0
M011,Jaipur,Villa,2026-04-16,11.507,0.479,20,11.561,0
M011,Jaipur,Villa,2026-04-17,11.188,0.466,21,11.56,0
M011,Jaipur,Villa,2026-04-18,12.768,0.532,20,11.495,0
M011,Jaipur,Villa,2026-04-19,12.315,0.513,20,11.456,0
M011,Jaipur,Villa,2026-04-20,11.045,0.46,20,11.603,0
M011,Jaipur,Villa,2026-04-21,11.032,0.46,19,11.579,0
M011,Jaipur,Villa,2026-04-22,11.298,0.471,21,11.593,0
M011,Jaipur,Villa,2026-04-23,10.887,0.454,19,11.505,0
M011,Jaipur,Villa,2026-04-24,11.448,0.477,20,11.542,0
M011,Jaipur,Villa,2026-04-25,12.697,0.529,20,11.532,0
M011,Jaipur,Villa,2026-04-26,12.673,0.551,19,11.583,0
M011,Jaipur,Villa,2026-04-27,11.606,0.484,20,11.663,0
M011,Jaipur,Villa,2026-04-28,11.03,0.46,20,11.663,0
M011,Jaipur,Villa,2026-04-29,11.06,0.461,20,11.629,0
M011,Jaipur,Villa,2026-04-30,10.884,0.454,20,11.628,0
M012,Jaipur,Independent House,2026-04-01,6.627,0.276,19,6.627,0
M012,Jaipur,Independent House,2026-04-02,6.593,0.275,20,6.61,0
M012,Jaipur,Independent House,2026-04-03,6.961,0.29,20,6.727,0
M012,Jaipur,Independent House,2026-04-04,7.289,0.304,20,6.868,0
M012,Jaipur,Independent House,2026-04-05,7.612,0.317,20,7.016,0
M012,Jaipur,Independent House,2026-04-06,6.764,0.282,19,6.974,0
M012,Jaipur,Independent House,2026-04-07,6.806,0.284,20,6.95,0
M012,Jaipur,Independent House,2026-04-08,6.49,0.27,19,6.931,0
M012,Jaipur,Independent House,2026-04-09,6.469,0.27,19,6.913,0
M012,Jaipur,Independent House,2026-04-10,6.538,0.272,20,6.853,0
M012,Jaipur,Independent House,2026-04-11,7.512,0.313,19,6.884,0
M012,Jaipur,Independent House,2026-04-12,7.615,0.317,20,6.885,0
M012,Jaipur,Independent House,2026-04-13,6.428,0.268,20,6.837,0
M012,Jaipur,Independent House,2026-04-14,6.626,0.276,21,6.811,0
M012,Jaipur,Independent House,2026-04-15,6.764,0.282,19,6.85,0
M012,Jaipur,Independent House,2026-04-16,6.659,0.277,20,6.877,0
M012,Jaipur,Independent House,2026-04-17,6.166,0.268,19,6.824,0
M012,Jaipur,Independent House,2026-04-18,7.596,0.316,19,6.836,0
M012,Jaipur,Independent House,2026-04-19,7.284,0.317,20,6.789,0
M012,Jaipur,Independent House,2026-04-20,6.57,0.274,20,6.809,0
M012,Jaipur,Independent House,2026-04-21,6.76,0.282,20,6.828,0
M012,Jaipur,Independent House,2026-04-22,7.007,0.292,20,6.863,0
M012,Jaipur,Independent House,2026-04-23,6.544,0.273,20,6.847,0
M012,Jaipur,Independent House,2026-04-24,6.81,0.284,19,6.939,0
M012,Jaipur,Independent House,2026-04-25,7.144,0.298,21,6.874,0
M012,Jaipur,Independent House,2026-04-26,8.013,0.334,20,6.978,0
M012,Jaipur,Independent House,2026-04-27,6.654,0.277,19,6.99,0
M012,Jaipur,Independent House,2026-04-28,6.312,0.263,20,6.926,0
M012,Jaipur,Independent House,2026-04-29,6.633,0.276,20,6.873,0
M012,Jaipur,Independent House,2026-04-30,6.714,0.28,20,6.897,0
M013,Bengaluru,Apartment,2026-04-01,3.96,0.165,19,3.96,0
M013,Bengaluru,Apartment,2026-04-02,4.065,0.169,20,4.012,1
M013,Bengaluru,Apartment,2026-04-03,3.895,0.162,19,3.973,0
M013,Bengaluru,Apartment,2026-04-04,4.637,0.193,20,4.139,0
M013,Bengaluru,Apartment,2026-04-05,4.47,0.186,20,4.205,0
M013,Bengaluru,Apartment,2026-04-06,3.907,0.163,20,4.156,0
M013,Bengaluru,Apartment,2026-04-07,4.25,0.177,20,4.169,0
M013,Bengaluru,Apartment,2026-04-08,3.871,0.161,19,4.156,0
M013,Bengaluru,Apartment,2026-04-09,3.897,0.169,19,4.132,0
M013,Bengaluru,Apartment,2026-04-10,3.916,0.163,20,4.135,0
M013,Bengaluru,Apartment,2026-04-11,4.658,0.194,20,4.138,1
M013,Bengaluru,Apartment,2026-04-12,4.556,0.19,19,4.151,0
M013,Bengaluru,Apartment,2026-04-13,3.873,0.161,21,4.146,0
M013,Bengaluru,Apartment,2026-04-14,3.821,0.159,20,4.085,0
M013,Bengaluru,Apartment,2026-04-15,3.817,0.159,19,4.077,0
M013,Bengaluru,Apartment,2026-04-16,3.978,0.166,20,4.088,0
M013,Bengaluru,Apartment,2026-04-17,4.172,0.174,20,4.125,0
M013,Bengaluru,Apartment,2026-04-18,4.361,0.19,19,4.083,0
M013,Bengaluru,Apartment,2026-04-19,4.331,0.18,20,4.05,0
M013,Bengaluru,Apartment,2026-04-20,3.776,0.157,20,4.037,0
M013,Bengaluru,Apartment,2026-04-21,3.852,0.16,20,4.041,0
M013,Bengaluru,Apartment,2026-04-22,4.121,0.172,20,4.084,0
M013,Bengaluru,Apartment,2026-04-23,4.022,0.168,20,4.091,0
M013,Bengaluru,Apartment,2026-04-24,3.956,0.165,20,4.06,0
M013,Bengaluru,Apartment,2026-04-25,4.53,0.189,20,4.084,0
M013,Bengaluru,Apartment,2026-04-26,4.625,0.193,20,4.126,0
M013,Bengaluru,Apartment,2026-04-27,3.862,0.161,20,4.138,0
M013,Bengaluru,Apartment,2026-04-28,3.831,0.16,20,4.135,0
M013,Bengaluru,Apartment,2026-04-29,3.849,0.16,20,4.096,0
M013,Bengaluru,Apartment,2026-04-30,3.813,0.159,20,4.067,0
M014,Jaipur,Villa,2026-04-01,13.99,0.583,20,13.99,2
M014,Jaipur,Villa,2026-04-02,12.589,0.525,20,13.29,0
M014,Jaipur,Villa,2026-04-03,12.745,0.531,19,13.108,0
M014,Jaipur,Villa,2026-04-04,15.216,0.634,20,13.635,1
M014,Jaipur,Villa,2026-04-05,15.216,0.634,19,13.951,0
M014,Jaipur,Villa,2026-04-06,12.612,0.526,18,13.728,0
M014,Jaipur,Villa,2026-04-07,13.294,0.554,19,13.666,0
M014,Jaipur,Villa,2026-04-08,13.13,0.547,20,13.543,0
M014,Jaipur,Villa,2026-04-09,12.283,0.534,20,13.499,0
M014,Jaipur,Villa,2026-04-10,13.265,0.553,20,13.574,0
M014,Jaipur,Villa,2026-04-11,15.921,0.663,19,13.674,0
M014,Jaipur,Villa,2026-04-12,15.343,0.639,20,13.693,0
M014,Jaipur,Villa,2026-04-13,13.521,0.563,20,13.822,0
M014,Jaipur,Villa,2026-04-14,13.872,0.578,21,13.905,0
M014,Jaipur,Villa,2026-04-15,13.005,0.542,19,13.887,0
M014,Jaipur,Villa,2026-04-16,13.643,0.568,20,14.081,0
M014,Jaipur,Villa,2026-04-17,13.384,0.558,20,14.098,0
M014,Jaipur,Villa,2026-04-18,15.515,0.646,20,14.04,0
M014,Jaipur,Villa,2026-04-19,14.171,0.59,21,13.873,0
M014,Jaipur,Villa,2026-04-20,12.743,0.531,20,13.762,0
M014,Jaipur,Villa,2026-04-21,12.919,0.538,20,13.626,0
M014,Jaipur,Villa,2026-04-22,12.933,0.539,20,13.615,0
M014,Jaipur,Villa,2026-04-23,13.216,0.551,19,13.554,0
M014,Jaipur,Villa,2026-04-24,13.735,0.572,19,13.605,0
M014,Jaipur,Villa,2026-04-25,15.336,0.639,19,13.579,0
M014,Jaipur,Villa,2026-04-26,14.857,0.619,21,13.677,0
M014,Jaipur,Villa,2026-04-27,13.637,0.568,20,13.805,0
M014,Jaipur,Villa,2026-04-28,11.787,0.512,21,13.643,0
M014,Jaipur,Villa,2026-04-29,13.195,0.55,19,13.68,0
M014,Jaipur,Villa,2026-04-30,13.027,0.543,20,13.653,0
M015,Delhi,Villa,2026-04-01,13.649,0.569,18,13.649,1
M015,Delhi,Villa,2026-04-02,13.418,0.559,19,13.534,0
M015,Delhi,Villa,2026-04-03,14.302,0.596,19,13.79,0
M015,Delhi,Villa,2026-04-04,15.661,0.653,20,14.258,0
M015,Delhi,Villa,2026-04-05,16.087,0.67,20,14.623,0
M015,Delhi,Villa,2026-04-06,13.595,0.591,20,14.452,0
M015,Delhi,Villa,2026-04-07,14.045,0.585,20,14.394,0
M015,Delhi,Villa,2026-04-08,14.069,0.586,19,14.454,0
M015,Delhi,Villa,2026-04-09,14.008,0.584,20,14.538,0
M015,Delhi,Villa,2026-04-10,13.512,0.587,20,14.425,0
M015,Delhi,Villa,2026-04-11,16.151,0.673,20,14.495,0
M015,Delhi,Villa,2026-04-12,15.197,0.633,21,14.368,0
M015,Delhi,Villa,2026-04-13,14.041,0.585,20,14.432,0
M015,Delhi,Villa,2026-04-14,13.979,0.582,20,14.422,0
M015,Delhi,Villa,2026-04-15,12.746,0.554,20,14.233,0
M015,Delhi,Villa,2026-04-16,14.402,0.6,19,14.29,0
M015,Delhi,Villa,2026-04-17,13.767,0.599,21,14.326,0
M015,Delhi,Villa,2026-04-18,16.492,0.687,20,14.375,0
M015,Delhi,Villa,2026-04-19,16.22,0.676,20,14.521,0
M015,Delhi,Villa,2026-04-20,12.822,0.557,20,14.347,0
M015,Delhi,Villa,2026-04-21,14.131,0.589,20,14.369,0
M015,Delhi,Villa,2026-04-22,14.189,0.591,20,14.575,0
M015,Delhi,Villa,2026-04-23,14.061,0.586,21,14.526,0
M015,Delhi,Villa,2026-04-24,14.141,0.589,19,14.579,0
M015,Delhi,Villa,2026-04-25,15.667,0.653,20,14.462,0
M015,Delhi,Villa,2026-04-26,16.131,0.672,19,14.449,0
M015,Delhi,Villa,2026-04-27,13.746,0.598,20,14.581,0
M015,Delhi,Villa,2026-04-28,13.014,0.542,21,14.421,0
M015,Delhi,Villa,2026-04-29,14.847,0.619,20,14.515,0
M015,Delhi,Villa,2026-04-30,13.563,0.565,20,14.444,0
M016,Pune,Studio,2026-04-01,1.347,0.056,21,1.347,0
M016,Pune,Studio,2026-04-02,1.247,0.052,20,1.297,0
M016,Pune,Studio,2026-04-03,1.282,0.053,20,1.292,0
M016,Pune,Studio,2026-04-04,1.552,0.065,21,1.357,0
M016,Pune,Studio,2026-04-05,1.537,0.064,21,1.393,0
M016,Pune,Studio,2026-04-06,1.343,0.056,19,1.385,0
M016,Pune,Studio,2026-04-07,1.363,0.057,20,1.382,0
M016,Pune,Studio,2026-04-08,1.382,0.058,20,1.387,0
M016,Pune,Studio,2026-04-09,1.388,0.058,19,1.407,0
M016,Pune,Studio,2026-04-10,1.389,0.058,19,1.422,0
M016,Pune,Studio,2026-04-11,1.507,0.063,20,1.416,0
M016,Pune,Studio,2026-04-12,1.504,0.063,20,1.411,0
M016,Pune,Studio,2026-04-13,1.393,0.058,20,1.418,0
M016,Pune,Studio,2026-04-14,1.238,0.052,20,1.4,0
M016,Pune,Studio,2026-04-15,1.313,0.055,19,1.39,0
M016,Pune,Studio,2026-04-16,1.342,0.056,20,1.384,0
M016,Pune,Studio,2026-04-17,1.247,0.052,20,1.363,0
M016,Pune,Studio,2026-04-18,1.477,0.062,20,1.359,0
M016,Pune,Studio,2026-04-19,1.496,0.062,19,1.358,0
M016,Pune,Studio,2026-04-20,1.404,0.059,20,1.36,0
M016,Pune,Studio,2026-04-21,1.359,0.057,20,1.377,0
M016,Pune,Studio,2026-04-22,1.318,0.055,19,1.378,0
M016,Pune,Studio,2026-04-23,1.297,0.054,20,1.371,0
M016,Pune,Studio,2026-04-24,1.221,0.051,21,1.367,0
M016,Pune,Studio,2026-04-25,1.504,0.063,20,1.371,0
M016,Pune,Studio,2026-04-26,1.5,0.063,19,1.372,0
M016,Pune,Studio,2026-04-27,1.365,0.057,19,1.366,0
M016,Pune,Studio,2026-04-28,1.227,0.051,20,1.347,0
M016,Pune,Studio,2026-04-29,1.347,0.059,20,1.352,0
M016,Pune,Studio,2026-04-30,1.26,0.055,19,1.346,0
M017,Delhi,Studio,2026-04-01,4.252,0.177,20,4.252,1
M017,Delhi,Studio,2026-04-02,3.991,0.166,20,4.121,0
M017,Delhi,Studio,2026-04-03,4.22,0.176,21,4.154,0
M017,Delhi,Studio,2026-04-04,4.63,0.193,20,4.273,2
M017,Delhi,Studio,2026-04-05,4.504,0.188,19,4.319,0
M017,Delhi,Studio,2026-04-06,3.884,0.162,19,4.247,0
M017,Delhi,Studio,2026-04-07,3.745,0.163,19,4.175,0
M017,Delhi,Studio,2026-04-08,3.933,0.164,20,4.13,0
M017,Delhi,Studio,2026-04-09,3.704,0.161,20,4.089,0
M017,Delhi,Studio,2026-04-10,3.925,0.164,20,4.046,0
M017,Delhi,Studio,2026-04-11,4.614,0.192,20,4.044,0
M017,Delhi,Studio,2026-04-12,4.524,0.188,20,4.047,0
M017,Delhi,Studio,2026-04-13,4.027,0.168,20,4.067,0
M017,Delhi,Studio,2026-04-14,3.88,0.162,20,4.087,0
M017,Delhi,Studio,2026-04-15,4.067,0.169,19,4.106,0
M017,Delhi,Studio,2026-04-16,4.086,0.17,20,4.16,0
M017,Delhi,Studio,2026-04-17,3.92,0.163,21,4.16,0
M017,Delhi,Studio,2026-04-18,4.195,0.182,21,4.1,0
M017,Delhi,Studio,2026-04-19,4.71,0.196,20,4.126,0
M017,Delhi,Studio,2026-04-20,3.868,0.161,20,4.104,0
M017,Delhi,Studio,2026-04-21,3.845,0.16,20,4.099,0
M017,Delhi,Studio,2026-04-22,3.972,0.166,19,4.085,0
M017,Delhi,Studio,2026-04-23,3.916,0.163,21,4.061,0
M017,Delhi,Studio,2026-04-24,3.914,0.163,19,4.06,0
M017,Delhi,Studio,2026-04-25,4.497,0.187,19,4.103,0
M017,Delhi,Studio,2026-04-26,4.529,0.189,20,4.077,0
M017,Delhi,Studio,2026-04-27,3.746,0.156,19,4.06,0
M017,Delhi,Studio,2026-04-28,3.915,0.163,20,4.07,0
M017,Delhi,Studio,2026-04-29,3.438,0.149,21,3.994,0
M017,Delhi,Studio,2026-04-30,3.884,0.162,20,3.989,0
M018,Hyderabad,Villa,2026-04-01,12.877,0.56,20,12.877,1
M018,Hyderabad,Villa,2026-04-02,13.034,0.543,19,12.956,0
M018,Hyderabad,Villa,2026-04-03,13.512,0.563,19,13.141,0
M018,Hyderabad,Villa,2026-04-04,15.628,0.651,20,13.763,0
M018,Hyderabad,Villa,2026-04-05,14.831,0.618,20,13.976,0
M018,Hyderabad,Villa,2026-04-06,13.015,0.542,20,13.816,0
M018,Hyderabad,Villa,2026-04-07,12.941,0.539,20,13.691,0
M018,Hyderabad,Villa,2026-04-08,12.926,0.539,20,13.698,0
M018,Hyderabad,Villa,2026-04-09,12.976,0.541,21,13.69,0
M018,Hyderabad,Villa,2026-04-10,13.453,0.561,19,13.681,0
M018,Hyderabad,Villa,2026-04-11,15.186,0.633,20,13.618,0
M018,Hyderabad,Villa,2026-04-12,15.245,0.635,19,13.677,0
M018,Hyderabad,Villa,2026-04-13,13.011,0.542,20,13.677,0
M018,Hyderabad,Villa,2026-04-14,13.196,0.55,20,13.713,0
M018,Hyderabad,Villa,2026-04-15,13.615,0.567,20,13.812,0
M018,Hyderabad,Villa,2026-04-16,13.163,0.548,20,13.838,0
M018,Hyderabad,Villa,2026-04-17,13.26,0.552,20,13.811,0
M018,Hyderabad,Villa,2026-04-18,15.301,0.638,20,13.827,0
M018,Hyderabad,Villa,2026-04-19,14.398,0.6,19,13.706,0
M018,Hyderabad,Villa,2026-04-20,13.501,0.563,21,13.776,0
M018,Hyderabad,Villa,2026-04-21,13.058,0.544,19,13.757,0
M018,Hyderabad,Villa,2026-04-22,13.132,0.547,20,13.688,0
M018,Hyderabad,Villa,2026-04-23,13.293,0.554,20,13.706,0
M018,Hyderabad,Villa,2026-04-24,12.446,0.541,19,13.59,0
M018,Hyderabad,Villa,2026-04-25,14.856,0.619,20,13.526,0
M018,Hyderabad,Villa,2026-04-26,14.904,0.621,19,13.599,0
M018,Hyderabad,Villa,2026-04-27,13.471,0.561,20,13.594,0
M018,Hyderabad,Villa,2026-04-28,13.181,0.549,19,13.612,0
M018,Hyderabad,Villa,2026-04-29,12.172,0.507,20,13.475,0
M018,Hyderabad,Villa,2026-04-30,12.895,0.537,20,13.418,0
M019,Pune,Villa,2026-04-01,11.068,0.461,20,11.068,1
M019,Pune,Villa,2026-04-02,11.802,0.492,20,11.435,0
M019,Pune,Villa,2026-04-03,10.979,0.457,19,11.283,0
M019,Pune,Villa,2026-04-04,13.005,0.542,19,11.714,0
M019,Pune,Villa,2026-04-05,13.003,0.542,19,11.971,0
M019,Pune,Villa,2026-04-06,11.073,0.461,20,11.822,0
M019,Pune,Villa,2026-04-07,10.961,0.457,20,11.699,0
M019,Pune,Villa,2026-04-08,11.653,0.486,19,11.782,0
M019,Pune,Villa,2026-04-09,11.466,0.478,19,11.734,0
M019,Pune,Villa,2026-04-10,10.797,0.45,20,11.708,0
M019,Pune,Villa,2026-04-11,13.186,0.549,21,11.734,0
M019,Pune,Villa,2026-04-12,12.858,0.536,21,11.713,0
M019,Pune,Villa,2026-04-13,11.096,0.462,20,11.717,0
M019,Pune,Villa,2026-04-14,11.161,0.465,21,11.745,0
M019,Pune,Villa,2026-04-15,11.131,0.464,20,11.671,0
M019,Pune,Villa,2026-04-16,11.0,0.458,20,11.604,0
M019,Pune,Villa,2026-04-17,10.771,0.449,19,11.6,0
M019,Pune,Villa,2026-04-18,13.297,0.554,20,11.616,0
M019,Pune,Villa,2026-04-19,12.03,0.501,19,11.498,0
M019,Pune,Villa,2026-04-20,11.475,0.478,20,11.552,0
M019,Pune,Villa,2026-04-21,11.851,0.494,20,11.651,0
M019,Pune,Villa,2026-04-22,11.079,0.462,20,11.643,0
M019,Pune,Villa,2026-04-23,10.735,0.467,21,11.605,0
M019,Pune,Villa,2026-04-24,11.767,0.49,21,11.748,0
M019,Pune,Villa,2026-04-25,13.055,0.544,20,11.713,0
M019,Pune,Villa,2026-04-26,12.874,0.536,20,11.834,0
M019,Pune,Villa,2026-04-27,11.262,0.49,19,11.803,0
M019,Pune,Villa,2026-04-28,11.043,0.46,20,11.688,0
M019,Pune,Villa,2026-04-29,11.13,0.464,21,11.695,0
M019,Pune,Villa,2026-04-30,11.636,0.485,19,11.824,0
M020,Delhi,Apartment,2026-04-01,6.936,0.289,20,6.936,1
M020,Delhi,Apartment,2026-04-02,7.291,0.304,20,7.114,0
M020,Delhi,Apartment,2026-04-03,7.536,0.314,21,7.254,0
M020,Delhi,Apartment,2026-04-04,8.631,0.375,20,7.599,1
M020,Delhi,Apartment,2026-04-05,8.782,0.366,21,7.835,0
M020,Delhi,Apartment,2026-04-06,7.411,0.309,20,7.765,0
M020,Delhi,Apartment,2026-04-07,6.936,0.302,21,7.646,0
M020,Delhi,Apartment,2026-04-08,6.563,0.298,20,7.593,0
M020,Delhi,Apartment,2026-04-09,7.061,0.307,20,7.56,0
M020,Delhi,Apartment,2026-04-10,7.44,0.31,21,7.546,0
M020,Delhi,Apartment,2026-04-11,8.688,0.362,20,7.554,0
M020,Delhi,Apartment,2026-04-12,8.642,0.36,20,7.534,0
M020,Delhi,Apartment,2026-04-13,7.038,0.293,20,7.481,0
M020,Delhi,Apartment,2026-04-14,7.299,0.304,19,7.533,0
M020,Delhi,Apartment,2026-04-15,7.1,0.296,21,7.61,0
M020,Delhi,Apartment,2026-04-16,6.689,0.291,19,7.557,0
M020,Delhi,Apartment,2026-04-17,7.126,0.297,19,7.512,0
M020,Delhi,Apartment,2026-04-18,8.226,0.343,19,7.446,0
M020,Delhi,Apartment,2026-04-19,8.018,0.349,21,7.357,0
M020,Delhi,Apartment,2026-04-20,6.965,0.29,19,7.346,0
M020,Delhi,Apartment,2026-04-21,7.284,0.304,19,7.344,0
M020,Delhi,Apartment,2026-04-22,7.246,0.302,21,7.365,0
M020,Delhi,Apartment,2026-04-23,7.306,0.304,20,7.453,0
M020,Delhi,Apartment,2026-04-24,7.224,0.301,19,7.467,0
M020,Delhi,Apartment,2026-04-25,8.453,0.352,20,7.499,0
M020,Delhi,Apartment,2026-04-26,8.191,0.341,21,7.524,0
M020,Delhi,Apartment,2026-04-27,7.451,0.31,20,7.594,0
M020,Delhi,Apartment,2026-04-28,7.206,0.3,20,7.582,0
M020,Delhi,Apartment,2026-04-29,7.497,0.312,19,7.618,0
M020,Delhi,Apartment,2026-04-30,7.135,0.297,20,7.594,0
M021,Jaipur,Independent House,2026-04-01,6.867,0.286,20,6.867,0
M021,Jaipur,Independent House,2026-04-02,6.606,0.275,19,6.736,0
M021,Jaipur,Independent House,2026-04-03,6.237,0.271,19,6.57,0
M021,Jaipur,Independent House,2026-04-04,7.803,0.325,19,6.878,0
M021,Jaipur,Independent House,2026-04-05,7.363,0.307,20,6.975,0
M021,Jaipur,Independent House,2026-04-06,7.039,0.293,20,6.986,0
M021,Jaipur,Independent House,2026-04-07,6.536,0.284,20,6.922,0
M021,Jaipur,Independent House,2026-04-08,6.877,0.287,21,6.923,0
M021,Jaipur,Independent House,2026-04-09,6.561,0.273,19,6.917,0
M021,Jaipur,Independent House,2026-04-10,6.831,0.285,19,7.001,0
M021,Jaipur,Independent House,2026-04-11,7.62,0.317,19,6.975,0
M021,Jaipur,Independent House,2026-04-12,7.589,0.316,20,7.008,0
M021,Jaipur,Independent House,2026-04-13,6.704,0.279,19,6.96,0
M021,Jaipur,Independent House,2026-04-14,6.934,0.289,20,7.017,0
M021,Jaipur,Independent House,2026-04-15,6.542,0.273,20,6.969,0
M021,Jaipur,Independent House,2026-04-16,6.357,0.265,19,6.94,0
M021,Jaipur,Independent House,2026-04-17,6.157,0.268,19,6.843,0
M021,Jaipur,Independent House,2026-04-18,7.651,0.319,20,6.848,0
M021,Jaipur,Independent House,2026-04-19,7.689,0.32,20,6.862,0
M021,Jaipur,Independent House,2026-04-20,5.974,0.26,20,6.758,0
M021,Jaipur,Independent House,2026-04-21,6.581,0.274,20,6.707,0
M021,Jaipur,Independent House,2026-04-22,7.3,0.304,20,6.816,0
M021,Jaipur,Independent House,2026-04-23,5.956,0.259,20,6.758,0
M021,Jaipur,Independent House,2026-04-24,6.212,0.259,20,6.766,0
M021,Jaipur,Independent House,2026-04-25,7.632,0.318,20,6.763,0
M021,Jaipur,Independent House,2026-04-26,7.718,0.322,19,6.768,0
M021,Jaipur,Independent House,2026-04-27,6.526,0.272,20,6.846,0
M021,Jaipur,Independent House,2026-04-28,6.619,0.288,21,6.852,0
M021,Jaipur,Independent House,2026-04-29,6.451,0.269,19,6.731,0
M021,Jaipur,Independent House,2026-04-30,6.601,0.287,20,6.823,0
M022,Delhi,Independent House,2026-04-01,8.529,0.355,20,8.529,0
M022,Delhi,Independent House,2026-04-02,8.585,0.358,20,8.557,0
M022,Delhi,Independent House,2026-04-03,8.762,0.365,20,8.625,0
M022,Delhi,Independent House,2026-04-04,9.784,0.408,20,8.915,0
M022,Delhi,Independent House,2026-04-05,10.336,0.431,20,9.199,1
M022,Delhi,Independent House,2026-04-06,8.342,0.348,20,9.056,0
M022,Delhi,Independent House,2026-04-07,8.47,0.353,20,8.973,0
M022,Delhi,Independent House,2026-04-08,7.859,0.342,20,8.877,0
M022,Delhi,Independent House,2026-04-09,8.655,0.361,20,8.887,0
M022,Delhi,Independent House,2026-04-10,8.315,0.346,20,8.823,0
M022,Delhi,Independent House,2026-04-11,10.072,0.42,20,8.864,0
M022,Delhi,Independent House,2026-04-12,9.946,0.414,20,8.808,0
M022,Delhi,Independent House,2026-04-13,8.779,0.366,19,8.871,0
M022,Delhi,Independent House,2026-04-14,8.627,0.359,19,8.893,0
M022,Delhi,Independent House,2026-04-15,7.61,0.331,21,8.858,0
M022,Delhi,Independent House,2026-04-16,8.95,0.373,20,8.9,0
M022,Delhi,Independent House,2026-04-17,8.546,0.356,20,8.933,0
M022,Delhi,Independent House,2026-04-18,9.455,0.394,19,8.845,0
M022,Delhi,Independent House,2026-04-19,9.597,0.4,20,8.795,0
M022,Delhi,Independent House,2026-04-20,8.545,0.356,19,8.761,0
M022,Delhi,Independent House,2026-04-21,8.643,0.36,20,8.764,0
M022,Delhi,Independent House,2026-04-22,8.861,0.369,21,8.942,0
M022,Delhi,Independent House,2026-04-23,8.767,0.381,19,8.916,0
M022,Delhi,Independent House,2026-04-24,8.584,0.358,21,8.922,0
M022,Delhi,Independent House,2026-04-25,10.359,0.432,20,9.051,0
M022,Delhi,Independent House,2026-04-26,9.561,0.398,20,9.046,0
M022,Delhi,Independent House,2026-04-27,8.896,0.371,19,9.096,0
M022,Delhi,Independent House,2026-04-28,8.054,0.336,21,9.012,0
M022,Delhi,Independent House,2026-04-29,8.389,0.35,20,8.944,0
M022,Delhi,Independent House,2026-04-30,8.815,0.367,19,8.951,0
M023,Bengaluru,Villa,2026-04-01,14.13,0.589,21,14.13,0
M023,Bengaluru,Villa,2026-04-02,13.918,0.58,20,14.024,0
M023,Bengaluru,Villa,2026-04-03,14.341,0.598,20,14.13,0
M023,Bengaluru,Villa,2026-04-04,14.52,0.631,18,14.227,0
M023,Bengaluru,Villa,2026-04-05,16.463,0.686,20,14.674,0
M023,Bengaluru,Villa,2026-04-06,14.512,0.605,20,14.647,0
M023,Bengaluru,Villa,2026-04-07,13.502,0.563,20,14.484,0
M023,Bengaluru,Villa,2026-04-08,14.593,0.608,20,14.55,0
M023,Bengaluru,Villa,2026-04-09,14.071,0.586,20,14.572,0
M023,Bengaluru,Villa,2026-04-10,13.598,0.567,20,14.466,0
M023,Bengaluru,Villa,2026-04-11,14.976,0.651,20,14.531,0
M023,Bengaluru,Villa,2026-04-12,15.87,0.661,21,14.446,0
M023,Bengaluru,Villa,2026-04-13,13.204,0.55,19,14.259,0
M023,Bengaluru,Villa,2026-04-14,14.031,0.585,19,14.335,0
M023,Bengaluru,Villa,2026-04-15,13.58,0.566,20,14.19,0
M023,Bengaluru,Villa,2026-04-16,13.662,0.569,19,14.132,0
M023,Bengaluru,Villa,2026-04-17,14.424,0.601,20,14.25,0
M023,Bengaluru,Villa,2026-04-18,16.73,0.697,19,14.5,0
M023,Bengaluru,Villa,2026-04-19,15.258,0.636,20,14.413,0
M023,Bengaluru,Villa,2026-04-20,13.866,0.578,19,14.507,0
M023,Bengaluru,Villa,2026-04-21,14.006,0.609,20,14.504,0
M023,Bengaluru,Villa,2026-04-22,14.241,0.593,20,14.598,0
M023,Bengaluru,Villa,2026-04-23,14.295,0.596,19,14.689,0
M023,Bengaluru,Villa,2026-04-24,13.974,0.608,20,14.624,0
M023,Bengaluru,Villa,2026-04-25,15.235,0.662,19,14.411,0
M023,Bengaluru,Villa,2026-04-26,15.57,0.649,20,14.455,0
M023,Bengaluru,Villa,2026-04-27,14.095,0.587,19,14.488,0
M023,Bengaluru,Villa,2026-04-28,14.21,0.592,19,14.517,0
M023,Bengaluru,Villa,2026-04-29,14.264,0.594,20,14.52,0
M023,Bengaluru,Villa,2026-04-30,14.238,0.593,19,14.512,0
M024,Mumbai,Villa,2026-04-01,12.096,0.504,19,12.096,1
M024,Mumbai,Villa,2026-04-02,10.795,0.469,20,11.446,0
M024,Mumbai,Villa,2026-04-03,11.464,0.478,19,11.452,0
M024,Mumbai,Villa,2026-04-04,13.906,0.579,20,12.065,1
M024,Mumbai,Villa,2026-04-05,13.392,0.558,20,12.331,0
M024,Mumbai,Villa,2026-04-06,11.973,0.499,21,12.271,0
M024,Mumbai,Villa,2026-04-07,11.546,0.502,21,12.167,0
M024,Mumbai,Villa,2026-04-08,12.485,0.52,19,12.223,0
M024,Mumbai,Villa,2026-04-09,12.1,0.504,20,12.409,0
M024,Mumbai,Villa,2026-04-10,11.768,0.49,20,12.453,0
M024,Mumbai,Villa,2026-04-11,13.802,0.575,20,12.438,0
M024,Mumbai,Villa,2026-04-12,14.708,0.613,19,12.626,0
M024,Mumbai,Villa,2026-04-13,12.157,0.507,21,12.652,0
M024,Mumbai,Villa,2026-04-14,7.577,0.316,21,12.085,8
M024,Mumbai,Villa,2026-04-15,11.828,0.493,19,11.991,0
M024,Mumbai,Villa,2026-04-16,12.666,0.528,19,12.072,0
M024,Mumbai,Villa,2026-04-17,12.019,0.501,20,12.108,0
M024,Mumbai,Villa,2026-04-18,13.499,0.587,19,12.065,0
M024,Mumbai,Villa,2026-04-19,14.35,0.598,20,12.014,0
M024,Mumbai,Villa,2026-04-20,11.429,0.476,19,11.91,0
M024,Mumbai,Villa,2026-04-21,12.317,0.513,19,12.587,0
M024,Mumbai,Villa,2026-04-22,12.04,0.502,20,12.617,0
M024,Mumbai,Villa,2026-04-23,12.312,0.513,20,12.567,0
M024,Mumbai,Villa,2026-04-24,11.813,0.492,20,12.537,0
M024,Mumbai,Villa,2026-04-25,12.994,0.565,21,12.465,0
M024,Mumbai,Villa,2026-04-26,12.404,0.539,20,12.187,0
M024,Mumbai,Villa,2026-04-27,12.08,0.503,20,12.28,0
M024,Mumbai,Villa,2026-04-28,12.373,0.516,20,12.288,0
M024,Mumbai,Villa,2026-04-29,10.658,0.463,21,12.091,0
M024,Mumbai,Villa,2026-04-30,11.846,0.494,20,12.024,0
M025,Mumbai,Villa,2026-04-01,13.942,0.606,20,13.942,1
M025,Mumbai,Villa,2026-04-02,13.976,0.582,20,13.959,0
M025,Mumbai,Villa,2026-04-03,14.032,0.585,20,13.983,0
M025,Mumbai,Villa,2026-04-04,15.73,0.655,21,14.42,0
M025,Mumbai,Villa,2026-04-05,16.162,0.673,20,14.768,0
M025,Mumbai,Villa,2026-04-06,13.09,0.569,19,14.489,0
M025,Mumbai,Villa,2026-04-07,13.927,0.58,19,14.408,0
M025,Mumbai,Villa,2026-04-08,13.974,0.582,20,14.413,0
M025,Mumbai,Villa,2026-04-09,13.688,0.57,18,14.372,0
M025,Mumbai,Villa,2026-04-10,14.301,0.596,19,14.41,0
M025,Mumbai,Villa,2026-04-11,15.63,0.651,20,14.396,0
M025,Mumbai,Villa,2026-04-12,17.309,0.721,20,14.56,0
M025,Mumbai,Villa,2026-04-13,15.23,0.635,19,14.866,0
M025,Mumbai,Villa,2026-04-14,14.027,0.584,20,14.88,0
M025,Mumbai,Villa,2026-04-15,14.285,0.595,19,14.924,0
M025,Mumbai,Villa,2026-04-16,14.591,0.608,19,15.053,0
M025,Mumbai,Villa,2026-04-17,14.042,0.611,20,15.016,0
M025,Mumbai,Villa,2026-04-18,16.38,0.683,19,15.123,0
M025,Mumbai,Villa,2026-04-19,14.359,0.624,20,14.702,0
M025,Mumbai,Villa,2026-04-20,13.975,0.582,20,14.523,0
M025,Mumbai,Villa,2026-04-21,13.69,0.57,19,14.475,0
M025,Mumbai,Villa,2026-04-22,13.283,0.553,20,14.331,0
M025,Mumbai,Villa,2026-04-23,13.654,0.594,20,14.198,0
M025,Mumbai,Villa,2026-04-24,14.123,0.614,19,14.209,0
M025,Mumbai,Villa,2026-04-25,14.833,0.645,20,13.988,0
M025,Mumbai,Villa,2026-04-26,16.503,0.688,19,14.294,0
M025,Mumbai,Villa,2026-04-27,14.31,0.596,20,14.342,0
M025,Mumbai,Villa,2026-04-28,13.51,0.563,19,14.317,0
M025,Mumbai,Villa,2026-04-29,14.421,0.601,20,14.479,0
M025,Mumbai,Villa,2026-04-30,13.654,0.569,20,14.479,0
M026,Hyderabad,Villa,2026-04-01,14.369,0.599,20,14.369,0
M026,Hyderabad,Villa,2026-04-02,13.467,0.586,21,13.918,0
M026,Hyderabad,Villa,2026-04-03,14.33,0.597,19,14.055,0
M026,Hyderabad,Villa,2026-04-04,17.07,0.711,20,14.809,0
M026,Hyderabad,Villa,2026-04-05,16.861,0.703,20,15.219,1
M026,Hyderabad,Villa,2026-04-06,13.446,0.56,20,14.924,0
M026,Hyderabad,Villa,2026-04-07,13.758,0.573,20,14.757,0
M026,Hyderabad,Villa,2026-04-08,13.17,0.549,20,14.586,0
M026,Hyderabad,Villa,2026-04-09,13.309,0.579,21,14.563,0
M026,Hyderabad,Villa,2026-04-10,13.253,0.552,19,14.41,0
M026,Hyderabad,Villa,2026-04-11,16.798,0.7,19,14.371,0
M026,Hyderabad,Villa,2026-04-12,15.96,0.665,20,14.242,0
M026,Hyderabad,Villa,2026-04-13,13.841,0.577,19,14.298,0
M026,Hyderabad,Villa,2026-04-14,13.645,0.593,20,14.282,0
M026,Hyderabad,Villa,2026-04-15,13.588,0.566,20,14.342,0
M026,Hyderabad,Villa,2026-04-16,13.515,0.563,20,14.371,0
M026,Hyderabad,Villa,2026-04-17,14.608,0.609,19,14.565,0
M026,Hyderabad,Villa,2026-04-18,15.454,0.644,20,14.373,0
M026,Hyderabad,Villa,2026-04-19,15.963,0.665,19,14.373,0
M026,Hyderabad,Villa,2026-04-20,13.698,0.571,20,14.353,0
M026,Hyderabad,Villa,2026-04-21,13.719,0.572,20,14.364,0
M026,Hyderabad,Villa,2026-04-22,14.002,0.583,21,14.423,0
M026,Hyderabad,Villa,2026-04-23,13.656,0.569,20,14.443,0
M026,Hyderabad,Villa,2026-04-24,14.041,0.585,21,14.362,0
M026,Hyderabad,Villa,2026-04-25,16.234,0.676,20,14.473,0
M026,Hyderabad,Villa,2026-04-26,16.293,0.679,20,14.52,0
M026,Hyderabad,Villa,2026-04-27,13.581,0.566,19,14.504,0
M026,Hyderabad,Villa,2026-04-28,13.322,0.579,20,14.447,0
M026,Hyderabad,Villa,2026-04-29,14.524,0.605,20,14.522,0
M026,Hyderabad,Villa,2026-04-30,14.209,0.592,20,14.601,0
M027,Pune,Apartment,2026-04-01,7.494,0.312,20,7.494,0
M027,Pune,Apartment,2026-04-02,7.083,0.295,21,7.289,0
M027,Pune,Apartment,2026-04-03,7.378,0.307,19,7.318,0
M027,Pune,Apartment,2026-04-04,8.534,0.356,20,7.622,0
M027,Pune,Apartment,2026-04-05,8.496,0.354,20,7.797,0
M027,Pune,Apartment,2026-04-06,7.071,0.307,19,7.676,0
M027,Pune,Apartment,2026-04-07,7.767,0.324,20,7.689,0
M027,Pune,Apartment,2026-04-08,7.355,0.306,19,7.669,0
M027,Pune,Apartment,2026-04-09,7.438,0.31,20,7.72,0
M027,Pune,Apartment,2026-04-10,7.408,0.309,20,7.724,0
M027,Pune,Apartment,2026-04-11,8.278,0.345,20,7.688,0
M027,Pune,Apartment,2026-04-12,8.495,0.354,20,7.687,0
M027,Pune,Apartment,2026-04-13,7.203,0.3,20,7.706,0
M027,Pune,Apartment,2026-04-14,7.364,0.307,20,7.649,0
M027,Pune,Apartment,2026-04-15,7.067,0.307,19,7.608,0
M027,Pune,Apartment,2026-04-16,7.487,0.312,20,7.615,0
M027,Pune,Apartment,2026-04-17,7.172,0.299,20,7.581,0
M027,Pune,Apartment,2026-04-18,8.884,0.37,20,7.667,0
M027,Pune,Apartment,2026-04-19,7.79,0.325,19,7.567,0
M027,Pune,Apartment,2026-04-20,7.221,0.301,21,7.569,0
M027,Pune,Apartment,2026-04-21,7.42,0.309,20,7.577,0
M027,Pune,Apartment,2026-04-22,7.421,0.309,20,7.628,0
M027,Pune,Apartment,2026-04-23,7.233,0.301,20,7.592,0
M027,Pune,Apartment,2026-04-24,7.341,0.306,21,7.616,0
M027,Pune,Apartment,2026-04-25,8.628,0.36,19,7.579,0
M027,Pune,Apartment,2026-04-26,8.456,0.352,19,7.674,0
M027,Pune,Apartment,2026-04-27,6.935,0.302,19,7.633,0
M027,Pune,Apartment,2026-04-28,7.719,0.322,19,7.676,0
M027,Pune,Apartment,2026-04-29,7.088,0.308,19,7.629,0
M027,Pune,Apartment,2026-04-30,7.167,0.299,19,7.619,0
M028,Pune,Independent House,2026-04-01,10.144,0.423,19,10.144,1
M028,Pune,Independent House,2026-04-02,9.743,0.406,21,9.944,0
M028,Pune,Independent House,2026-04-03,9.801,0.408,20,9.896,0
M028,Pune,Independent House,2026-04-04,11.366,0.474,20,10.264,0
M028,Pune,Independent House,2026-04-05,11.162,0.465,20,10.443,0
M028,Pune,Independent House,2026-04-06,10.225,0.445,20,10.407,0
M028,Pune,Independent House,2026-04-07,9.752,0.406,20,10.313,0
M028,Pune,Independent House,2026-04-08,10.004,0.417,20,10.293,0
M028,Pune,Independent House,2026-04-09,10.35,0.431,19,10.38,0
M028,Pune,Independent House,2026-04-10,10.498,0.437,19,10.48,0
M028,Pune,Independent House,2026-04-11,11.11,0.483,20,10.443,0
M028,Pune,Independent House,2026-04-12,11.173,0.486,21,10.445,0
M028,Pune,Independent House,2026-04-13,10.086,0.42,19,10.425,0
M028,Pune,Independent House,2026-04-14,10.548,0.439,20,10.538,0
M028,Pune,Independent House,2026-04-15,9.522,0.397,20,10.47,0
M028,Pune,Independent House,2026-04-16,10.247,0.427,20,10.455,0
M028,Pune,Independent House,2026-04-17,9.892,0.412,20,10.368,0
M028,Pune,Independent House,2026-04-18,11.849,0.494,20,10.474,0
M028,Pune,Independent House,2026-04-19,11.552,0.481,20,10.528,0
M028,Pune,Independent House,2026-04-20,10.184,0.424,20,10.542,0
M028,Pune,Independent House,2026-04-21,10.582,0.441,19,10.547,0
M028,Pune,Independent House,2026-04-22,10.182,0.424,20,10.641,0
M028,Pune,Independent House,2026-04-23,10.561,0.44,20,10.686,0
M028,Pune,Independent House,2026-04-24,10.407,0.434,21,10.76,0
M028,Pune,Independent House,2026-04-25,11.827,0.493,20,10.756,0
M028,Pune,Independent House,2026-04-26,11.529,0.48,20,10.753,0
M028,Pune,Independent House,2026-04-27,9.19,0.4,19,10.611,0
M028,Pune,Independent House,2026-04-28,10.276,0.428,20,10.567,0
M028,Pune,Independent House,2026-04-29,9.894,0.412,20,10.526,0
M028,Pune,Independent House,2026-04-30,9.575,0.399,21,10.385,0
M029,Mumbai,Independent House,2026-04-01,9.064,0.378,19,9.064,0
M029,Mumbai,Independent House,2026-04-02,8.829,0.368,20,8.947,0
M029,Mumbai,Independent House,2026-04-03,8.461,0.353,20,8.785,0
M029,Mumbai,Independent House,2026-04-04,9.948,0.414,20,9.076,0
M029,Mumbai,Independent House,2026-04-05,10.022,0.418,20,9.265,0
M029,Mumbai,Independent House,2026-04-06,7.993,0.348,19,9.053,0
M029,Mumbai,Independent House,2026-04-07,8.361,0.348,20,8.954,0
M029,Mumbai,Independent House,2026-04-08,8.471,0.368,20,8.869,0
M029,Mumbai,Independent House,2026-04-09,7.899,0.343,20,8.736,0
M029,Mumbai,Independent House,2026-04-10,9.033,0.376,19,8.818,0
M029,Mumbai,Independent House,2026-04-11,9.583,0.399,20,8.766,0
M029,Mumbai,Independent House,2026-04-12,10.053,0.419,20,8.77,0
M029,Mumbai,Independent House,2026-04-13,8.716,0.363,19,8.874,0
M029,Mumbai,Independent House,2026-04-14,8.747,0.364,20,8.929,0
M029,Mumbai,Independent House,2026-04-15,8.412,0.351,21,8.92,0
M029,Mumbai,Independent House,2026-04-16,8.403,0.35,20,8.992,0
M029,Mumbai,Independent House,2026-04-17,8.404,0.35,20,8.903,0
M029,Mumbai,Independent House,2026-04-18,10.128,0.422,20,8.98,0
M029,Mumbai,Independent House,2026-04-19,9.535,0.397,20,8.906,0
M029,Mumbai,Independent House,2026-04-20,8.453,0.352,20,8.869,0
M029,Mumbai,Independent House,2026-04-21,8.535,0.356,20,8.839,0
M029,Mumbai,Independent House,2026-04-22,8.319,0.347,19,8.825,0
M029,Mumbai,Independent House,2026-04-23,8.053,0.336,21,8.775,0
M029,Mumbai,Independent House,2026-04-24,8.555,0.356,20,8.797,0
M029,Mumbai,Independent House,2026-04-25,10.149,0.423,19,8.8,1
M029,Mumbai,Independent House,2026-04-26,9.408,0.409,20,8.782,0
M029,Mumbai,Independent House,2026-04-27,8.77,0.365,21,8.827,0
M029,Mumbai,Independent House,2026-04-28,8.52,0.355,21,8.825,0
M029,Mumbai,Independent House,2026-04-29,8.656,0.361,19,8.873,0
M029,Mumbai,Independent House,2026-04-30,8.846,0.369,20,8.986,0
M030,Jaipur,Studio,2026-04-01,4.597,0.192,20,4.597,0
M030,Jaipur,Studio,2026-04-02,4.41,0.184,19,4.504,0
M030,Jaipur,Studio,2026-04-03,4.856,0.202,20,4.621,0
M030,Jaipur,Studio,2026-04-04,5.285,0.22,20,4.787,0
M030,Jaipur,Studio,2026-04-05,5.342,0.223,20,4.898,0
M030,Jaipur,Studio,2026-04-06,4.48,0.187,19,4.828,0
M030,Jaipur,Studio,2026-04-07,4.561,0.19,20,4.79,0
M030,Jaipur,Studio,2026-04-08,4.771,0.207,20,4.815,0
M030,Jaipur,Studio,2026-04-09,4.631,0.193,20,4.847,0
M030,Jaipur,Studio,2026-04-10,4.414,0.184,20,4.783,0
M030,Jaipur,Studio,2026-04-11,5.332,0.222,20,4.79,0
M030,Jaipur,Studio,2026-04-12,5.362,0.223,20,4.793,0
M030,Jaipur,Studio,2026-04-13,4.753,0.198,20,4.832,0
M030,Jaipur,Studio,2026-04-14,4.678,0.195,19,4.849,0
M030,Jaipur,Studio,2026-04-15,4.541,0.189,20,4.816,0
M030,Jaipur,Studio,2026-04-16,4.687,0.195,20,4.824,0
M030,Jaipur,Studio,2026-04-17,4.489,0.187,20,4.835,0
M030,Jaipur,Studio,2026-04-18,5.414,0.226,20,4.846,0
M030,Jaipur,Studio,2026-04-19,5.251,0.228,20,4.83,0
M030,Jaipur,Studio,2026-04-20,4.623,0.193,20,4.812,0
M030,Jaipur,Studio,2026-04-21,4.766,0.199,20,4.824,0
M030,Jaipur,Studio,2026-04-22,4.523,0.188,20,4.822,0
M030,Jaipur,Studio,2026-04-23,4.514,0.188,19,4.797,0
M030,Jaipur,Studio,2026-04-24,4.514,0.188,20,4.801,0
M030,Jaipur,Studio,2026-04-25,5.44,0.227,20,4.804,0
M030,Jaipur,Studio,2026-04-26,5.681,0.237,21,4.866,0
M030,Jaipur,Studio,2026-04-27,4.592,0.191,20,4.861,0
M030,Jaipur,Studio,2026-04-28,4.639,0.193,20,4.843,0
M030,Jaipur,Studio,2026-04-29,4.612,0.192,21,4.856,0
M030,Jaipur,Studio,2026-04-30,4.697,0.196,20,4.882,0
M031,Hyderabad,Independent House,2026-04-01,7.821,0.34,19,7.821,1
M031,Hyderabad,Independent House,2026-04-02,8.079,0.337,20,7.95,0
M031,Hyderabad,Independent House,2026-04-03,7.567,0.315,19,7.822,0
M031,Hyderabad,Independent House,2026-04-04,8.962,0.373,21,8.107,0
M031,Hyderabad,Independent House,2026-04-05,8.91,0.371,20,8.268,0
M031,Hyderabad,Independent House,2026-04-06,7.901,0.329,20,8.207,0
M031,Hyderabad,Independent House,2026-04-07,8.28,0.345,20,8.217,0
M031,Hyderabad,Independent House,2026-04-08,8.083,0.337,21,8.255,0
M031,Hyderabad,Independent House,2026-04-09,7.27,0.303,20,8.139,0
M031,Hyderabad,Independent House,2026-04-10,7.911,0.33,21,8.188,0
M031,Hyderabad,Independent House,2026-04-11,8.961,0.373,21,8.188,0
M031,Hyderabad,Independent House,2026-04-12,8.383,0.364,20,8.113,1
M031,Hyderabad,Independent House,2026-04-13,7.683,0.334,19,8.082,0
M031,Hyderabad,Independent House,2026-04-14,8.163,0.34,21,8.065,0
M031,Hyderabad,Independent House,2026-04-15,8.326,0.347,19,8.1,0
M031,Hyderabad,Independent House,2026-04-16,7.859,0.327,20,8.184,0
M031,Hyderabad,Independent House,2026-04-17,7.7,0.321,20,8.154,0
M031,Hyderabad,Independent House,2026-04-18,8.926,0.372,19,8.149,0
M031,Hyderabad,Independent House,2026-04-19,9.241,0.385,20,8.271,0
M031,Hyderabad,Independent House,2026-04-20,7.851,0.327,20,8.295,0
M031,Hyderabad,Independent House,2026-04-21,8.247,0.344,19,8.307,0
M031,Hyderabad,Independent House,2026-04-22,7.662,0.319,20,8.212,0
M031,Hyderabad,Independent House,2026-04-23,8.309,0.346,20,8.277,0
M031,Hyderabad,Independent House,2026-04-24,7.736,0.336,20,8.282,0
M031,Hyderabad,Independent House,2026-04-25,8.922,0.372,19,8.281,0
M031,Hyderabad,Independent House,2026-04-26,8.667,0.377,20,8.199,0
M031,Hyderabad,Independent House,2026-04-27,7.867,0.328,19,8.201,0
M031,Hyderabad,Independent House,2026-04-28,8.028,0.334,18,8.17,0
M031,Hyderabad,Independent House,2026-04-29,7.799,0.325,20,8.19,0
M031,Hyderabad,Independent House,2026-04-30,7.762,0.323,20,8.112,0
M032,Mumbai,Apartment,2026-04-01,7.864,0.328,21,7.864,1
M032,Mumbai,Apartment,2026-04-02,8.011,0.334,20,7.938,0
M032,Mumbai,Apartment,2026-04-03,8.241,0.343,20,8.039,0
M032,Mumbai,Apartment,2026-04-04,9.093,0.379,19,8.302,0
M032,Mumbai,Apartment,2026-04-05,9.054,0.377,19,8.453,0
M032,Mumbai,Apartment,2026-04-06,8.047,0.335,19,8.385,0
M032,Mumbai,Apartment,2026-04-07,7.096,0.309,19,8.201,0
M032,Mumbai,Apartment,2026-04-08,7.97,0.332,19,8.216,0
M032,Mumbai,Apartment,2026-04-09,8.283,0.345,20,8.255,0
M032,Mumbai,Apartment,2026-04-10,7.866,0.328,21,8.201,0
M032,Mumbai,Apartment,2026-04-11,8.906,0.371,19,8.175,0
M032,Mumbai,Apartment,2026-04-12,9.257,0.386,20,8.204,0
M032,Mumbai,Apartment,2026-04-13,7.978,0.332,20,8.194,0
M032,Mumbai,Apartment,2026-04-14,7.752,0.323,21,8.287,0
M032,Mumbai,Apartment,2026-04-15,7.681,0.32,20,8.246,0
M032,Mumbai,Apartment,2026-04-16,7.669,0.32,21,8.158,0
M032,Mumbai,Apartment,2026-04-17,8.361,0.348,20,8.229,0
M032,Mumbai,Apartment,2026-04-18,9.04,0.377,20,8.248,0
M032,Mumbai,Apartment,2026-04-19,9.107,0.379,20,8.227,0
M032,Mumbai,Apartment,2026-04-20,7.769,0.324,20,8.197,0
M032,Mumbai,Apartment,2026-04-21,8.414,0.351,20,8.292,0
M032,Mumbai,Apartment,2026-04-22,7.697,0.321,20,8.294,0
M032,Mumbai,Apartment,2026-04-23,8.183,0.341,19,8.367,0
M032,Mumbai,Apartment,2026-04-24,7.598,0.317,19,8.258,0
M032,Mumbai,Apartment,2026-04-25,8.973,0.374,21,8.249,0
M032,Mumbai,Apartment,2026-04-26,8.498,0.369,20,8.162,0
M032,Mumbai,Apartment,2026-04-27,8.05,0.335,21,8.202,0
M032,Mumbai,Apartment,2026-04-28,7.952,0.346,20,8.136,0
M032,Mumbai,Apartment,2026-04-29,8.099,0.337,20,8.193,0
M032,Mumbai,Apartment,2026-04-30,7.25,0.315,21,8.06,0
M033,Jaipur,Apartment,2026-04-01,5.975,0.249,21,5.975,1
M033,Jaipur,Apartment,2026-04-02,6.282,0.262,20,6.129,0
M033,Jaipur,Apartment,2026-04-03,9.28,0.387,0,7.179,1
M033,Jaipur,Apartment,2026-04-04,9.358,0.407,21,7.724,1
M033,Jaipur,Apartment,2026-04-05,9.503,0.396,16,8.08,1
M033,Jaipur,Apartment,2026-04-06,5.794,0.252,20,7.699,0
M033,Jaipur,Apartment,2026-04-07,8.233,0.343,12,7.775,1
M033,Jaipur,Apartment,2026-04-08,5.457,0.237,20,7.701,0
M033,Jaipur,Apartment,2026-04-09,5.762,0.251,19,7.627,0
M033,Jaipur,Apartment,2026-04-10,6.205,0.259,19,7.187,0
M033,Jaipur,Apartment,2026-04-11,6.934,0.289,19,6.841,0
M033,Jaipur,Apartment,2026-04-12,6.61,0.287,21,6.428,0
M033,Jaipur,Apartment,2026-04-13,5.767,0.251,20,6.424,0
M033,Jaipur,Apartment,2026-04-14,6.053,0.252,19,6.113,0
M033,Jaipur,Apartment,2026-04-15,6.281,0.262,20,6.23,0
M033,Jaipur,Apartment,2026-04-16,5.824,0.243,19,6.239,0
M033,Jaipur,Apartment,2026-04-17,5.937,0.247,20,6.201,0
M033,Jaipur,Apartment,2026-04-18,7.288,0.304,20,6.251,0
M033,Jaipur,Apartment,2026-04-19,7.011,0.292,19,6.309,0
M033,Jaipur,Apartment,2026-04-20,5.68,0.237,20,6.296,0
M033,Jaipur,Apartment,2026-04-21,5.817,0.242,20,6.263,0
M033,Jaipur,Apartment,2026-04-22,9.046,0.377,1,6.658,1
M033,Jaipur,Apartment,2026-04-23,5.869,0.245,19,6.664,0
M033,Jaipur,Apartment,2026-04-24,6.106,0.254,20,6.688,0
M033,Jaipur,Apartment,2026-04-25,6.629,0.276,19,6.594,0
M033,Jaipur,Apartment,2026-04-26,6.819,0.284,20,6.567,0
M033,Jaipur,Apartment,2026-04-27,5.489,0.239,20,6.539,0
M033,Jaipur,Apartment,2026-04-28,5.613,0.244,20,6.51,0
M033,Jaipur,Apartment,2026-04-29,5.583,0.243,18,6.015,0
M033,Jaipur,Apartment,2026-04-30,5.82,0.242,20,6.008,0
M034,Delhi,Villa,2026-04-01,11.606,0.484,19,11.606,1
M034,Delhi,Villa,2026-04-02,10.57,0.46,20,11.088,0
M034,Delhi,Villa,2026-04-03,11.921,0.518,20,11.366,0
M034,Delhi,Villa,2026-04-04,13.222,0.551,21,11.83,0
M034,Delhi,Villa,2026-04-05,12.984,0.541,19,12.061,0
M034,Delhi,Villa,2026-04-06,10.455,0.455,20,11.793,0
M034,Delhi,Villa,2026-04-07,10.36,0.45,19,11.588,0
M034,Delhi,Villa,2026-04-08,11.27,0.47,20,11.54,0
M034,Delhi,Villa,2026-04-09,11.392,0.475,20,11.658,0
M034,Delhi,Villa,2026-04-10,10.508,0.438,19,11.456,0
M034,Delhi,Villa,2026-04-11,12.116,0.505,19,11.298,0
M034,Delhi,Villa,2026-04-12,13.011,0.542,20,11.302,0
M034,Delhi,Villa,2026-04-13,11.166,0.465,20,11.403,0
M034,Delhi,Villa,2026-04-14,11.095,0.462,20,11.508,0
M034,Delhi,Villa,2026-04-15,11.573,0.482,20,11.552,0
M034,Delhi,Villa,2026-04-16,11.306,0.471,19,11.539,0
M034,Delhi,Villa,2026-04-17,11.471,0.478,20,11.677,0
M034,Delhi,Villa,2026-04-18,12.413,0.517,20,11.719,0
M034,Delhi,Villa,2026-04-19,12.17,0.529,20,11.599,0
M034,Delhi,Villa,2026-04-20,11.713,0.488,19,11.677,0
M034,Delhi,Villa,2026-04-21,11.428,0.476,19,11.725,0
M034,Delhi,Villa,2026-04-22,10.945,0.456,21,11.635,0
M034,Delhi,Villa,2026-04-23,11.691,0.487,20,11.69,0
M034,Delhi,Villa,2026-04-24,10.252,0.446,20,11.516,0
M034,Delhi,Villa,2026-04-25,13.49,0.562,20,11.67,1
M034,Delhi,Villa,2026-04-26,12.448,0.541,19,11.71,0
M034,Delhi,Villa,2026-04-27,11.107,0.463,20,11.623,0
M034,Delhi,Villa,2026-04-28,11.165,0.465,20,11.585,0
M034,Delhi,Villa,2026-04-29,11.471,0.478,20,11.661,0
M034,Delhi,Villa,2026-04-30,10.989,0.478,19,11.56,0
M035,Mumbai,Villa,2026-04-01,14.194,0.591,20,14.194,1
M035,Mumbai,Villa,2026-04-02,14.436,0.602,20,14.315,0
M035,Mumbai,Villa,2026-04-03,13.956,0.582,20,14.195,0
M035,Mumbai,Villa,2026-04-04,15.751,0.656,20,14.584,0
M035,Mumbai,Villa,2026-04-05,15.452,0.672,20,14.758,0
M035,Mumbai,Villa,2026-04-06,14.228,0.593,20,14.67,0
M035,Mumbai,Villa,2026-04-07,13.33,0.58,21,14.478,0
M035,Mumbai,Villa,2026-04-08,14.13,0.589,20,14.469,0
M035,Mumbai,Villa,2026-04-09,14.352,0.598,21,14.457,0
M035,Mumbai,Villa,2026-04-10,14.507,0.604,20,14.536,0
M035,Mumbai,Villa,2026-04-11,16.064,0.669,20,14.58,0
M035,Mumbai,Villa,2026-04-12,16.454,0.686,21,14.724,0
M035,Mumbai,Villa,2026-04-13,14.267,0.594,20,14.729,0
M035,Mumbai,Villa,2026-04-14,13.599,0.567,20,14.768,0
M035,Mumbai,Villa,2026-04-15,13.762,0.573,20,14.715,0
M035,Mumbai,Villa,2026-04-16,14.55,0.606,20,14.743,0
M035,Mumbai,Villa,2026-04-17,13.769,0.574,19,14.638,0
M035,Mumbai,Villa,2026-04-18,15.368,0.668,20,14.538,0
M035,Mumbai,Villa,2026-04-19,16.078,0.67,19,14.485,0
M035,Mumbai,Villa,2026-04-20,13.618,0.567,19,14.392,0
M035,Mumbai,Villa,2026-04-21,14.123,0.588,20,14.467,0
M035,Mumbai,Villa,2026-04-22,13.777,0.599,20,14.469,0
M035,Mumbai,Villa,2026-04-23,13.437,0.56,20,14.31,0
M035,Mumbai,Villa,2026-04-24,13.798,0.575,19,14.314,0
M035,Mumbai,Villa,2026-04-25,15.58,0.649,20,14.344,0
M035,Mumbai,Villa,2026-04-26,15.524,0.647,19,14.265,0
M035,Mumbai,Villa,2026-04-27,14.271,0.595,19,14.359,0
M035,Mumbai,Villa,2026-04-28,13.739,0.572,20,14.304,0
M035,Mumbai,Villa,2026-04-29,14.005,0.584,20,14.336,0
M035,Mumbai,Villa,2026-04-30,13.648,0.569,20,14.366,0
M036,Bengaluru,Studio,2026-04-01,4.647,0.194,20,4.647,0
M036,Bengaluru,Studio,2026-04-02,4.559,0.19,19,4.603,0
M036,Bengaluru,Studio,2026-04-03,4.759,0.198,20,4.655,0
M036,Bengaluru,Studio,2026-04-04,4.964,0.216,20,4.732,0
M036,Bengaluru,Studio,2026-04-05,5.145,0.214,21,4.815,0
M036,Bengaluru,Studio,2026-04-06,4.769,0.199,19,4.807,0
M036,Bengaluru,Studio,2026-04-07,4.987,0.208,19,4.833,0
M036,Bengaluru,Studio,2026-04-08,4.619,0.192,20,4.829,0
M036,Bengaluru,Studio,2026-04-09,4.636,0.193,20,4.84,0
M036,Bengaluru,Studio,2026-04-10,4.707,0.196,19,4.832,0
M036,Bengaluru,Studio,2026-04-11,5.281,0.22,20,4.878,0
M036,Bengaluru,Studio,2026-04-12,5.411,0.225,21,4.916,0
M036,Bengaluru,Studio,2026-04-13,4.734,0.197,19,4.911,0
M036,Bengaluru,Studio,2026-04-14,4.919,0.205,20,4.901,0
M036,Bengaluru,Studio,2026-04-15,4.673,0.195,20,4.909,0
M036,Bengaluru,Studio,2026-04-16,4.576,0.191,20,4.9,0
M036,Bengaluru,Studio,2026-04-17,4.763,0.198,20,4.908,0
M036,Bengaluru,Studio,2026-04-18,5.169,0.215,20,4.892,0
M036,Bengaluru,Studio,2026-04-19,5.372,0.224,19,4.887,0
M036,Bengaluru,Studio,2026-04-20,4.601,0.192,20,4.868,0
M036,Bengaluru,Studio,2026-04-21,4.827,0.201,21,4.854,0
M036,Bengaluru,Studio,2026-04-22,4.838,0.202,21,4.878,0
M036,Bengaluru,Studio,2026-04-23,4.441,0.193,19,4.859,0
M036,Bengaluru,Studio,2026-04-24,4.657,0.194,20,4.844,0
M036,Bengaluru,Studio,2026-04-25,5.327,0.232,20,4.866,0
M036,Bengaluru,Studio,2026-04-26,5.258,0.219,21,4.85,0
M036,Bengaluru,Studio,2026-04-27,4.555,0.19,20,4.843,0
M036,Bengaluru,Studio,2026-04-28,4.611,0.192,20,4.812,0
M036,Bengaluru,Studio,2026-04-29,4.615,0.192,21,4.781,0
M036,Bengaluru,Studio,2026-04-30,4.548,0.19,20,4.796,0
M037,Mumbai,Studio,2026-04-01,2.545,0.106,20,2.545,0
M037,Mumbai,Studio,2026-04-02,2.808,0.117,20,2.677,0
M037,Mumbai,Studio,2026-04-03,2.606,0.109,19,2.653,0
M037,Mumbai,Studio,2026-04-04,3.062,0.128,20,2.755,0
M037,Mumbai,Studio,2026-04-05,2.919,0.122,20,2.788,0
M037,Mumbai,Studio,2026-04-06,2.663,0.111,20,2.767,0
M037,Mumbai,Studio,2026-04-07,2.614,0.109,19,2.745,0
M037,Mumbai,Studio,2026-04-08,2.65,0.11,20,2.76,0
M037,Mumbai,Studio,2026-04-09,2.625,0.109,19,2.734,0
M037,Mumbai,Studio,2026-04-10,2.541,0.11,20,2.725,0
M037,Mumbai,Studio,2026-04-11,3.037,0.127,20,2.721,0
M037,Mumbai,Studio,2026-04-12,3.04,0.127,20,2.739,0
M037,Mumbai,Studio,2026-04-13,2.706,0.113,19,2.745,0
M037,Mumbai,Studio,2026-04-14,2.701,0.113,19,2.757,0
M037,Mumbai,Studio,2026-04-15,2.69,0.112,21,2.763,0
M037,Mumbai,Studio,2026-04-16,2.536,0.11,20,2.75,0
M037,Mumbai,Studio,2026-04-17,2.783,0.116,20,2.785,0
M037,Mumbai,Studio,2026-04-18,3.123,0.13,21,2.797,0
M037,Mumbai,Studio,2026-04-19,2.98,0.13,19,2.788,0
M037,Mumbai,Studio,2026-04-20,2.726,0.114,21,2.791,0
M037,Mumbai,Studio,2026-04-21,2.657,0.111,19,2.785,0
M037,Mumbai,Studio,2026-04-22,2.685,0.112,21,2.784,0
M037,Mumbai,Studio,2026-04-23,2.64,0.11,20,2.799,0
M037,Mumbai,Studio,2026-04-24,2.571,0.107,19,2.769,0
M037,Mumbai,Studio,2026-04-25,3.041,0.127,20,2.757,0
M037,Mumbai,Studio,2026-04-26,3.194,0.133,19,2.788,0
M037,Mumbai,Studio,2026-04-27,2.605,0.109,19,2.77,0
M037,Mumbai,Studio,2026-04-28,2.636,0.11,20,2.767,0
M037,Mumbai,Studio,2026-04-29,2.491,0.104,19,2.74,0
M037,Mumbai,Studio,2026-04-30,2.597,0.113,19,2.734,0
M038,Mumbai,Independent House,2026-04-01,10.03,0.418,19,10.03,1
M038,Mumbai,Independent House,2026-04-02,9.888,0.412,20,9.959,0
M038,Mumbai,Independent House,2026-04-03,10.125,0.44,20,10.014,0
M038,Mumbai,Independent House,2026-04-04,11.32,0.472,19,10.341,0
M038,Mumbai,Independent House,2026-04-05,11.117,0.463,19,10.496,0
M038,Mumbai,Independent House,2026-04-06,9.779,0.407,20,10.377,0
M038,Mumbai,Independent House,2026-04-07,10.187,0.443,20,10.349,0
M038,Mumbai,Independent House,2026-04-08,9.41,0.392,19,10.261,0
M038,Mumbai,Independent House,2026-04-09,10.295,0.429,20,10.319,0
M038,Mumbai,Independent House,2026-04-10,10.17,0.424,20,10.325,0
M038,Mumbai,Independent House,2026-04-11,12.14,0.506,19,10.443,0
M038,Mumbai,Independent House,2026-04-12,11.421,0.476,21,10.486,0
M038,Mumbai,Independent House,2026-04-13,10.283,0.428,20,10.558,0
M038,Mumbai,Independent House,2026-04-14,9.825,0.409,19,10.506,0
M038,Mumbai,Independent House,2026-04-15,10.024,0.418,19,10.594,0
M038,Mumbai,Independent House,2026-04-16,10.369,0.432,21,10.605,0
M038,Mumbai,Independent House,2026-04-17,9.81,0.409,20,10.553,0
M038,Mumbai,Independent House,2026-04-18,11.567,0.482,19,10.471,0
M038,Mumbai,Independent House,2026-04-19,11.356,0.494,20,10.462,0
M038,Mumbai,Independent House,2026-04-20,9.876,0.412,20,10.404,0
M038,Mumbai,Independent House,2026-04-21,9.531,0.414,20,10.362,0
M038,Mumbai,Independent House,2026-04-22,10.423,0.434,20,10.419,0
M038,Mumbai,Independent House,2026-04-23,9.687,0.404,19,10.321,0
M038,Mumbai,Independent House,2026-04-24,9.795,0.408,20,10.319,0
M038,Mumbai,Independent House,2026-04-25,11.246,0.469,20,10.273,0
M038,Mumbai,Independent House,2026-04-26,11.676,0.487,20,10.319,0
M038,Mumbai,Independent House,2026-04-27,10.09,0.42,20,10.35,0
M038,Mumbai,Independent House,2026-04-28,10.699,0.446,21,10.517,0
M038,Mumbai,Independent House,2026-04-29,9.788,0.408,20,10.426,0
M038,Mumbai,Independent House,2026-04-30,10.013,0.417,20,10.472,0
M039,Hyderabad,Villa,2026-04-01,12.693,0.552,20,12.693,0
M039,Hyderabad,Villa,2026-04-02,13.562,0.565,19,13.128,0
M039,Hyderabad,Villa,2026-04-03,13.2,0.55,20,13.152,0
M039,Hyderabad,Villa,2026-04-04,14.022,0.61,20,13.369,0
M039,Hyderabad,Villa,2026-04-05,14.965,0.624,20,13.688,0
M039,Hyderabad,Villa,2026-04-06,13.809,0.575,21,13.709,0
M039,Hyderabad,Villa,2026-04-07,13.452,0.56,20,13.672,0
M039,Hyderabad,Villa,2026-04-08,13.711,0.571,21,13.817,0
M039,Hyderabad,Villa,2026-04-09,13.245,0.552,20,13.772,0
M039,Hyderabad,Villa,2026-04-10,13.297,0.554,20,13.786,0
M039,Hyderabad,Villa,2026-04-11,14.536,0.606,20,13.859,0
M039,Hyderabad,Villa,2026-04-12,14.96,0.65,20,13.859,0
M039,Hyderabad,Villa,2026-04-13,13.021,0.543,20,13.746,0
M039,Hyderabad,Villa,2026-04-14,13.484,0.562,20,13.751,0
M039,Hyderabad,Villa,2026-04-15,13.23,0.551,19,13.682,0
M039,Hyderabad,Villa,2026-04-16,13.284,0.554,20,13.687,0
M039,Hyderabad,Villa,2026-04-17,13.416,0.559,19,13.704,0
M039,Hyderabad,Villa,2026-04-18,14.432,0.601,20,13.69,0
M039,Hyderabad,Villa,2026-04-19,15.065,0.628,21,13.705,0
M039,Hyderabad,Villa,2026-04-20,13.423,0.559,21,13.762,0
M039,Hyderabad,Villa,2026-04-21,13.476,0.562,19,13.761,0
M039,Hyderabad,Villa,2026-04-22,12.883,0.537,21,13.711,0
M039,Hyderabad,Villa,2026-04-23,13.187,0.549,19,13.697,0
M039,Hyderabad,Villa,2026-04-24,13.305,0.554,20,13.682,0
M039,Hyderabad,Villa,2026-04-25,14.987,0.624,21,13.761,0
M039,Hyderabad,Villa,2026-04-26,14.859,0.619,19,13.731,0
M039,Hyderabad,Villa,2026-04-27,12.879,0.537,20,13.654,0
M039,Hyderabad,Villa,2026-04-28,13.362,0.557,20,13.637,0
M039,Hyderabad,Villa,2026-04-29,13.034,0.543,20,13.659,0
M039,Hyderabad,Villa,2026-04-30,12.755,0.531,20,13.597,0
M040,Pune,Studio,2026-04-01,3.229,0.135,20,3.229,0
M040,Pune,Studio,2026-04-02,3.438,0.143,19,3.334,0
M040,Pune,Studio,2026-04-03,3.115,0.135,19,3.261,0
M040,Pune,Studio,2026-04-04,3.703,0.154,20,3.371,1
M040,Pune,Studio,2026-04-05,3.868,0.161,21,3.471,0
M040,Pune,Studio,2026-04-06,3.388,0.141,20,3.457,0
M040,Pune,Studio,2026-04-07,3.048,0.133,20,3.398,0
M040,Pune,Studio,2026-04-08,3.236,0.135,20,3.399,0
M040,Pune,Studio,2026-04-09,3.368,0.14,20,3.389,0
M040,Pune,Studio,2026-04-10,3.268,0.136,19,3.411,0
M040,Pune,Studio,2026-04-11,3.672,0.153,19,3.407,0
M040,Pune,Studio,2026-04-12,3.727,0.155,21,3.387,0
M040,Pune,Studio,2026-04-13,3.352,0.14,20,3.382,0
M040,Pune,Studio,2026-04-14,3.31,0.138,19,3.419,0
M040,Pune,Studio,2026-04-15,3.402,0.142,19,3.443,0
M040,Pune,Studio,2026-04-16,3.336,0.139,20,3.438,0
M040,Pune,Studio,2026-04-17,3.278,0.137,20,3.44,0
M040,Pune,Studio,2026-04-18,3.763,0.157,20,3.453,0
M040,Pune,Studio,2026-04-19,3.752,0.156,20,3.456,0
M040,Pune,Studio,2026-04-20,3.315,0.138,20,3.451,0
M040,Pune,Studio,2026-04-21,3.233,0.141,20,3.44,0
M040,Pune,Studio,2026-04-22,3.234,0.135,19,3.416,0
M040,Pune,Studio,2026-04-23,3.216,0.134,20,3.399,0
M040,Pune,Studio,2026-04-24,3.323,0.138,20,3.405,0
M040,Pune,Studio,2026-04-25,3.685,0.154,20,3.394,0
M040,Pune,Studio,2026-04-26,3.768,0.157,20,3.396,0
M040,Pune,Studio,2026-04-27,3.309,0.138,19,3.395,0
M040,Pune,Studio,2026-04-28,3.169,0.132,21,3.386,0
M040,Pune,Studio,2026-04-29,3.253,0.136,20,3.389,0
M040,Pune,Studio,2026-04-30,3.214,0.134,20,3.389,0
