meter_id,date,household_id,total_kwh_daily,avg_hourly_kwh,anomaly_count,peak_hour
M015,2026-04-27,H015,13.745999999999999,0.5976521739130434,0,20
M015,2026-04-15,H015,12.745999999999999,0.5541739130434782,0,20
M015,2026-04-09,H015,14.008000000000001,0.5836666666666667,0,20
M015,2026-04-16,H015,14.401999999999997,0.6000833333333332,0,19
M023,2026-04-12,H023,15.869999999999996,0.6612499999999998,0,21
M023,2026-04-22,H023,14.241000000000001,0.5933750000000001,0,20
M023,2026-04-29,H023,14.264000000000001,0.5943333333333334,0,20
M023,2026-04-17,H023,14.423999999999998,0.6009999999999999,0,20
M009,2026-04-20,H009,14.437,0.6015416666666666,0,20
M009,2026-04-21,H009,14.482999999999997,0.6034583333333332,0,20
M009,2026-04-29,H009,14.600000000000001,0.6636363636363637,0,19
M009,2026-04-10,H009,14.157000000000004,0.5898750000000001,0,21
M018,2026-04-02,H018,13.034,0.5430833333333334,0,19
M026,2026-04-26,H026,16.293,0.678875,0,20
M026,2026-04-06,H026,13.446,0.56025,0,20
M025,2026-04-13,H025,15.230000000000002,0.6345833333333334,0,19
M025,2026-04-03,H025,14.031999999999998,0.5846666666666666,0,20
M035,2026-04-16,H035,14.549999999999999,0.60625,0,20
M035,2026-04-23,H035,13.437,0.559875,0,20
M035,2026-04-25,H035,15.58,0.6491666666666667,0,20
M014,2026-04-06,H014,12.611999999999998,0.5255,0,18
M014,2026-04-30,H014,13.027000000000001,0.5427916666666667,0,20
M039,2026-04-26,H039,14.859,0.619125,0,19
M039,2026-04-27,H039,12.879000000000003,0.5366250000000001,0,20
M039,2026-04-29,H039,13.033999999999999,0.5430833333333333,0,20
M039,2026-04-11,H039,14.536,0.6056666666666667,0,20
M011,2026-04-26,H011,12.673,0.551,0,19
M011,2026-04-15,H011,11.195000000000002,0.4867391304347827,0,21
M011,2026-04-23,H011,10.887000000000002,0.4536250000000001,0,19
M011,2026-04-04,H011,13.024,0.5426666666666666,0,20
M019,2026-04-19,H019,12.029999999999998,0.5012499999999999,0,19
M019,2026-04-14,H019,11.160999999999998,0.4650416666666666,0,21
M019,2026-04-28,H019,11.043000000000001,0.46012500000000006,0,20
M019,2026-04-04,H019,13.004999999999999,0.541875,0,19
M002,2026-04-19,H002,11.755000000000003,0.5110869565217392,0,20
M002,2026-04-15,H002,11.649999999999999,0.4854166666666666,0,20
M002,2026-04-02,H002,11.547,0.481125,0,20
M002,2026-04-18,H002,13.249,0.5520416666666667,0,20
M034,2026-04-13,H034,11.165999999999999,0.46524999999999994,0,20
M034,2026-04-07,H034,10.36,0.4504347826086956,0,19
M034,2026-04-14,H034,11.095,0.4622916666666667,0,20
M034,2026-04-16,H034,11.306,0.4710833333333333,0,19
M006,2026-04-27,H006,9.373999999999997,0.3905833333333332,0,20
M006,2026-04-28,H006,9.226,0.3844166666666667,0,20
M006,2026-04-08,H006,9.306999999999999,0.3877916666666666,0,20
M006,2026-04-18,H006,10.794000000000002,0.4497500000000001,0,19
M024,2026-04-13,H024,12.157000000000002,0.5065416666666668,0,21
M024,2026-04-01,H024,12.096000000000002,0.5040000000000001,1,19
M024,2026-04-22,H024,12.04,0.5016666666666666,0,20
M024,2026-04-10,H024,11.768,0.49033333333333334,0,20
M024,2026-04-24,H024,11.812999999999999,0.4922083333333333,0,20
M028,2026-04-14,H028,10.547999999999998,0.43949999999999995,0,20
M028,2026-04-21,H028,10.581999999999999,0.4409166666666666,0,19
M022,2026-04-08,H022,7.859000000000001,0.34169565217391307,0,20
M022,2026-04-17,H022,8.546,0.3560833333333333,0,20
M038,2026-04-12,H038,11.421,0.475875,0,21
M038,2026-04-26,H038,11.676,0.4865,0,20
M038,2026-04-06,H038,9.779,0.4074583333333333,0,20
M038,2026-04-28,H038,10.699,0.44579166666666664,0,21
M038,2026-04-30,H038,10.012999999999998,0.41720833333333324,0,20
M038,2026-04-11,H038,12.139999999999999,0.5058333333333332,0,19
M038,2026-04-18,H038,11.567,0.4819583333333333,0,19
M010,2026-04-13,H010,8.388000000000002,0.3495000000000001,0,19
M010,2026-04-21,H010,8.860000000000001,0.3691666666666667,0,20
M010,2026-04-28,H010,8.362000000000002,0.36356521739130443,0,20
M010,2026-04-01,H010,9.161,0.3817083333333333,1,19
M010,2026-04-03,H010,8.320000000000002,0.34666666666666673,0,19
M029,2026-04-23,H029,8.053,0.3355416666666667,0,21
M032,2026-04-20,H032,7.769,0.3237083333333333,0,20
M032,2026-04-01,H032,7.864000000000001,0.3276666666666667,1,21
M032,2026-04-16,H032,7.668999999999999,0.3195416666666666,0,21
M032,2026-04-23,H032,8.183000000000002,0.3409583333333334,0,19
M027,2026-04-18,H027,8.884000000000002,0.37016666666666675,0,20
M020,2026-04-14,H020,7.299,0.30412500000000003,0,19
M020,2026-04-21,H020,7.284,0.3035,0,19
M020,2026-04-28,H020,7.206,0.30025,0,20
M020,2026-04-02,H020,7.291000000000001,0.30379166666666674,0,20
M020,2026-04-09,H020,7.060999999999998,0.30699999999999994,0,20
M020,2026-04-10,H020,7.440000000000001,0.31000000000000005,0,21
M003,2026-04-19,H003,7.253999999999999,0.30224999999999996,0,20
M003,2026-04-07,H003,6.526,0.2837391304347826,0,21
M003,2026-04-01,H003,6.96,0.29,1,20
M003,2026-04-30,H003,6.692000000000001,0.2788333333333334,0,20
M003,2026-04-17,H003,6.1530000000000005,0.256375,0,20
M003,2026-04-11,H003,7.2620000000000005,0.30258333333333337,0,19
M021,2026-04-15,H021,6.542000000000001,0.27258333333333334,0,20
M021,2026-04-16,H021,6.357,0.264875,0,19
M021,2026-04-23,H021,5.956,0.2589565217391305,0,20
M021,2026-04-03,H021,6.237000000000001,0.2711739130434783,0,19
M012,2026-04-12,H012,7.615,0.3172916666666667,0,20
M012,2026-04-26,H012,8.013000000000002,0.3338750000000001,0,20
M012,2026-04-06,H012,6.764,0.2818333333333333,0,19
M012,2026-04-21,H012,6.760000000000002,0.28166666666666673,0,20
M012,2026-04-01,H012,6.627,0.276125,0,19
M012,2026-04-15,H012,6.764000000000001,0.2818333333333334,0,19
M012,2026-04-29,H012,6.633,0.276375,0,20
M012,2026-04-24,H012,6.8100000000000005,0.28375,0,19
M033,2026-04-05,H033,9.503,0.39595833333333336,1,16
M033,2026-04-06,H033,5.7940000000000005,0.2519130434782609,0,20
M033,2026-04-14,H033,6.052999999999999,0.2522083333333333,0,19
M033,2026-04-01,H033,5.975,0.2489583333333333,1,21
M033,2026-04-03,H033,9.280000000000003,0.38666666666666677,1,0
M033,2026-04-10,H033,6.205,0.25854166666666667,0,19
M033,2026-04-04,H033,9.358,0.4068695652173913,1,21
M033,2026-04-11,H033,6.934000000000002,0.28891666666666677,0,19
M004,2026-04-03,H004,5.985,0.249375,0,20
M004,2026-04-10,H004,5.686,0.23691666666666666,0,20
M004,2026-04-17,H004,6.072000000000001,0.25300000000000006,0,20
M007,2026-04-19,H007,5.348,0.22283333333333333,0,20
M007,2026-04-20,H007,4.584,0.19099999999999998,0,20
M007,2026-04-15,H007,4.736999999999999,0.2059565217391304,0,19
M007,2026-04-02,H007,4.499999999999999,0.18749999999999997,0,21
M030,2026-04-28,H030,4.639,0.19329166666666667,0,20
M030,2026-04-22,H030,4.5230000000000015,0.1884583333333334,0,20
M015,2026-04-21,H015,14.131000000000002,0.5887916666666667,0,20
M015,2026-04-01,H015,13.649000000000001,0.5687083333333334,1,18
M015,2026-04-24,H015,14.141,0.5892083333333333,0,19
M015,2026-04-11,H015,16.151000000000003,0.6729583333333334,0,20
M023,2026-04-05,H023,16.463,0.6859583333333333,0,20
M023,2026-04-27,H023,14.094999999999997,0.5872916666666665,0,19
M023,2026-04-21,H023,14.006,0.6089565217391304,0,20
M023,2026-04-11,H023,14.976,0.6511304347826087,0,20
M023,2026-04-18,H023,16.73,0.6970833333333334,0,19
M009,2026-04-13,H009,12.607,0.5730454545454545,0,19
M009,2026-04-28,H009,14.774999999999999,0.615625,0,20
M009,2026-04-01,H009,14.827,0.6177916666666666,1,20
M009,2026-04-22,H009,14.806999999999999,0.6169583333333333,0,20
M018,2026-04-12,H018,15.245,0.6352083333333333,0,19
M018,2026-04-20,H018,13.501,0.5625416666666666,0,21
M018,2026-04-29,H018,12.172,0.5071666666666667,0,20
M026,2026-04-08,H026,13.17,0.54875,0,20
M026,2026-04-02,H026,13.466999999999999,0.5855217391304347,0,21
M026,2026-04-17,H026,14.608000000000002,0.6086666666666668,0,19
M025,2026-04-12,H025,17.308999999999997,0.7212083333333332,0,20
M025,2026-04-27,H025,14.309999999999999,0.59625,0,20
M025,2026-04-22,H025,13.283,0.5534583333333333,0,20
M025,2026-04-02,H025,13.976000000000003,0.5823333333333335,0,20
M025,2026-04-04,H025,15.73,0.6554166666666666,0,21
M035,2026-04-20,H035,13.618000000000002,0.5674166666666668,0,19
M035,2026-04-28,H035,13.739,0.5724583333333334,0,20
M035,2026-04-15,H035,13.761999999999997,0.5734166666666666,0,20
M035,2026-04-29,H035,14.005,0.5835416666666667,0,20
M035,2026-04-10,H035,14.507000000000003,0.6044583333333334,0,20
M035,2026-04-24,H035,13.798,0.5749166666666666,0,19
M014,2026-04-26,H014,14.857,0.6190416666666666,0,21
M014,2026-04-07,H014,13.294000000000002,0.5539166666666667,0,19
M014,2026-04-01,H014,13.99,0.5829166666666666,2,20
M014,2026-04-15,H014,13.005,0.541875,0,19
M014,2026-04-29,H014,13.195000000000002,0.5497916666666668,0,19
M014,2026-04-10,H014,13.264999999999999,0.5527083333333332,0,20
M039,2026-04-01,H039,12.693000000000003,0.5518695652173914,0,20
M039,2026-04-09,H039,13.245,0.551875,0,20
M039,2026-04-04,H039,14.021999999999997,0.6096521739130434,0,20
M011,2026-04-05,H011,12.415000000000001,0.5172916666666667,0,19
M011,2026-04-12,H011,12.585,0.524375,0,20
M011,2026-04-13,H011,10.014000000000003,0.4353913043478262,0,20
M011,2026-04-27,H011,11.606,0.4835833333333333,0,20
M011,2026-04-07,H011,11.181,0.465875,0,19
M011,2026-04-28,H011,11.03,0.4595833333333333,0,20
M011,2026-04-08,H011,10.177999999999999,0.44252173913043474,0,19
M011,2026-04-11,H011,13.225999999999997,0.5510833333333333,0,20
M019,2026-04-05,H019,13.003,0.5417916666666667,0,19
M019,2026-04-21,H019,11.851000000000003,0.4937916666666668,0,20
M019,2026-04-08,H019,11.652999999999999,0.4855416666666666,0,19
M019,2026-04-22,H019,11.079000000000002,0.4616250000000001,0,20
M019,2026-04-11,H019,13.186,0.5494166666666667,0,21
M002,2026-04-26,H002,13.322000000000001,0.5550833333333334,0,18
M002,2026-04-22,H002,11.225999999999999,0.46774999999999994,0,20
M002,2026-04-29,H002,11.537999999999998,0.48074999999999996,0,19
M002,2026-04-04,H002,12.832,0.5346666666666667,0,20
M034,2026-04-26,H034,12.447999999999999,0.5412173913043478,0,19
M034,2026-04-15,H034,11.573,0.48220833333333335,0,20
M006,2026-04-12,H006,10.445,0.43520833333333336,0,19
M006,2026-04-14,H006,8.896,0.38678260869565223,0,20
M006,2026-04-29,H006,9.108999999999998,0.3795416666666666,0,21
M006,2026-04-17,H006,9.815000000000001,0.40895833333333337,0,19
M024,2026-04-05,H024,13.392000000000001,0.558,0,20
M024,2026-04-06,H024,11.973,0.498875,0,21
M024,2026-04-03,H024,11.464,0.4776666666666667,0,19
M024,2026-04-18,H024,13.499,0.5869130434782609,0,19
M028,2026-04-26,H028,11.529,0.480375,0,20
M028,2026-04-28,H028,10.275999999999998,0.4281666666666666,0,20
M028,2026-04-15,H028,9.521999999999998,0.39674999999999994,0,20
M028,2026-04-22,H028,10.182,0.42425,0,20
M028,2026-04-29,H028,9.894,0.41225,0,20
M028,2026-04-03,H028,9.800999999999998,0.40837499999999993,0,20
M028,2026-04-24,H028,10.406999999999998,0.4336249999999999,0,21
M022,2026-04-06,H022,8.342,0.34758333333333336,0,20
M022,2026-04-20,H022,8.545,0.35604166666666665,0,19
M022,2026-04-09,H022,8.655,0.360625,0,20
M038,2026-04-15,H038,10.024,0.41766666666666663,0,19
M038,2026-04-23,H038,9.687000000000001,0.40362500000000007,0,19
M038,2026-04-25,H038,11.245999999999999,0.4685833333333333,0,20
M010,2026-04-27,H010,8.474,0.35308333333333336,0,20
M010,2026-04-07,H010,8.311,0.34629166666666666,0,20
M029,2026-04-19,H029,9.535,0.39729166666666665,0,20
M029,2026-04-24,H029,8.555,0.3564583333333333,0,20
M029,2026-04-25,H029,10.149000000000001,0.42287500000000006,1,19
M032,2026-04-22,H032,7.696999999999999,0.3207083333333333,0,20
M032,2026-04-09,H032,8.283,0.34512499999999996,0,20
M031,2026-04-19,H031,9.240999999999998,0.38504166666666656,0,20
M031,2026-04-27,H031,7.866999999999999,0.32779166666666665,0,19
M031,2026-04-07,H031,8.28,0.345,0,20
M031,2026-04-15,H031,8.326,0.3469166666666667,0,19
M031,2026-04-22,H031,7.661999999999999,0.31925,0,20
M031,2026-04-04,H031,8.962,0.3734166666666667,0,21
M027,2026-04-12,H027,8.495,0.3539583333333333,0,20
M027,2026-04-27,H027,6.935,0.3015217391304348,0,19
M027,2026-04-22,H027,7.421000000000001,0.30920833333333336,0,20
M027,2026-04-09,H027,7.437999999999999,0.3099166666666666,0,20
M027,2026-04-30,H027,7.167,0.298625,0,19
M027,2026-04-17,H027,7.172,0.29883333333333334,0,20
M027,2026-04-04,H027,8.533999999999999,0.3555833333333333,0,20
M027,2026-04-25,H027,8.628,0.3595,0,19
M020,2026-04-22,H020,7.2459999999999996,0.30191666666666667,0,21
M020,2026-04-29,H020,7.497,0.312375,0,19
M020,2026-04-24,H020,7.224,0.301,0,19
M003,2026-04-20,H003,6.331999999999999,0.2638333333333333,0,21
M003,2026-04-08,H003,6.794,0.2830833333333333,0,19
M001,2026-04-13,H001,7.624,0.31766666666666665,0,19
M001,2026-04-22,H001,6.137,0.27895454545454546,0,19
M021,2026-04-12,H021,7.5889999999999995,0.3162083333333333,0,20
M021,2026-04-24,H021,6.212,0.2588333333333333,0,20
M021,2026-04-18,H021,7.650999999999999,0.31879166666666664,0,20
M012,2026-04-04,H012,7.289,0.3037083333333333,0,20
M012,2026-04-18,H012,7.595999999999999,0.31649999999999995,0,19
M033,2026-04-26,H033,6.819000000000001,0.284125,0,20
M033,2026-04-13,H033,5.7669999999999995,0.2507391304347826,0,20
M033,2026-04-27,H033,5.489000000000001,0.23865217391304352,0,20
M033,2026-04-29,H033,5.583000000000001,0.24273913043478265,0,18
M033,2026-04-09,H033,5.7620000000000005,0.2505217391304348,0,19
M033,2026-04-23,H033,5.869000000000001,0.24454166666666668,0,19
M004,2026-04-19,H004,6.608999999999999,0.275375,0,19
M004,2026-04-06,H004,6.003,0.250125,0,20
M004,2026-04-01,H004,5.986,0.24941666666666665,2,20
M004,2026-04-24,H004,5.84,0.24333333333333332,0,20
M007,2026-04-05,H007,5.314,0.22141666666666668,0,19
M007,2026-04-07,H007,4.763999999999999,0.19849999999999998,0,20
M007,2026-04-16,H007,4.575,0.19062500000000002,0,20
M007,2026-04-25,H007,5.368,0.22366666666666668,0,19
M030,2026-04-27,H030,4.592,0.19133333333333333,0,20
M030,2026-04-30,H030,4.697000000000001,0.19570833333333337,0,20
M015,2026-04-12,H015,15.197000000000001,0.6332083333333334,0,21
M015,2026-04-08,H015,14.068999999999999,0.5862083333333333,0,19
M015,2026-04-29,H015,14.847000000000001,0.6186250000000001,0,20
M015,2026-04-04,H015,15.660999999999998,0.6525416666666666,0,20
M015,2026-04-18,H015,16.492,0.6871666666666667,0,20
M023,2026-04-20,H023,13.866000000000001,0.5777500000000001,0,19
M023,2026-04-03,H023,14.341000000000001,0.5975416666666667,0,20
M009,2026-04-17,H009,14.559,0.606625,0,20
M018,2026-04-05,H018,14.831000000000003,0.6179583333333335,0,20
M018,2026-04-19,H018,14.398000000000001,0.5999166666666668,0,19
M018,2026-04-26,H018,14.903999999999998,0.6209999999999999,0,19
M018,2026-04-09,H018,12.976,0.5406666666666667,0,21
M018,2026-04-23,H018,13.293,0.553875,0,20
M018,2026-04-03,H018,13.512,0.5630000000000001,0,19
M026,2026-04-07,H026,13.758000000000001,0.57325,0,20
M026,2026-04-15,H026,13.588000000000001,0.5661666666666667,0,20
M026,2026-04-18,H026,15.454,0.6439166666666667,0,20
M025,2026-04-07,H025,13.927,0.5802916666666667,0,19
M025,2026-04-21,H025,13.690000000000001,0.5704166666666667,0,19
M025,2026-04-01,H025,13.942,0.6061739130434782,1,20
M025,2026-04-08,H025,13.974,0.58225,0,20
M025,2026-04-10,H025,14.301000000000002,0.595875,0,19
M035,2026-04-05,H035,15.452,0.6718260869565217,0,20
M035,2026-04-12,H035,16.454000000000004,0.6855833333333335,0,21
M035,2026-04-19,H035,16.078,0.6699166666666666,0,19
M035,2026-04-26,H035,15.524,0.6468333333333333,0,19
M035,2026-04-13,H035,14.266999999999998,0.5944583333333332,0,20
M035,2026-04-14,H035,13.598999999999998,0.5666249999999999,0,20
M035,2026-04-04,H035,15.751,0.6562916666666666,0,20
M035,2026-04-11,H035,16.064,0.6693333333333333,0,20
M014,2026-04-13,H014,13.521000000000003,0.5633750000000001,0,20
M014,2026-04-22,H014,12.933,0.538875,0,20
M014,2026-04-16,H014,13.642999999999999,0.5684583333333333,0,20
M014,2026-04-24,H014,13.735000000000001,0.5722916666666668,0,19
M014,2026-04-18,H014,15.515,0.6464583333333334,0,20
M014,2026-04-25,H014,15.336000000000002,0.6390000000000001,0,19
M039,2026-04-05,H039,14.965,0.6235416666666667,0,20
M039,2026-04-24,H039,13.305000000000001,0.5543750000000001,0,20
M039,2026-04-18,H039,14.431999999999999,0.6013333333333333,0,20
M011,2026-04-19,H011,12.315000000000001,0.513125,0,20
M011,2026-04-20,H011,11.045,0.46020833333333333,0,20
M019,2026-04-26,H019,12.874,0.5364166666666667,0,20
M019,2026-04-30,H019,11.636000000000001,0.4848333333333334,0,19
M002,2026-04-05,H002,12.353,0.5147083333333333,0,21
M002,2026-04-07,H002,10.833,0.451375,0,21
M002,2026-04-28,H002,11.129000000000001,0.4637083333333334,0,20
M002,2026-04-01,H002,11.025999999999998,0.4594166666666666,0,20
M002,2026-04-17,H002,11.271999999999998,0.4696666666666666,0,20
M034,2026-04-20,H034,11.713,0.48804166666666665,0,19
M034,2026-04-27,H034,11.107,0.46279166666666666,0,20
M034,2026-04-28,H034,11.165000000000001,0.4652083333333334,0,20
M034,2026-04-01,H034,11.606,0.4835833333333333,1,19
M034,2026-04-24,H034,10.252,0.44573913043478264,0,20
M006,2026-04-01,H006,8.843,0.40195454545454545,1,20
M006,2026-04-22,H006,9.364,0.3901666666666667,0,20
M006,2026-04-09,H006,9.075,0.378125,0,20
M006,2026-04-10,H006,9.454,0.3939166666666667,0,20
M006,2026-04-11,H006,10.311,0.44830434782608697,0,19
M006,2026-04-25,H006,10.620000000000003,0.4425000000000001,0,20
M024,2026-04-08,H024,12.485,0.5202083333333333,0,19
M024,2026-04-17,H024,12.019000000000002,0.5007916666666667,0,20
M028,2026-04-05,H028,11.162,0.46508333333333335,0,20
M028,2026-04-16,H028,10.247,0.42695833333333333,0,20
M028,2026-04-17,H028,9.892,0.4121666666666666,0,20
M028,2026-04-04,H028,11.366,0.4735833333333333,0,20
M022,2026-04-19,H022,9.597,0.399875,0,20
M022,2026-04-14,H022,8.626999999999999,0.35945833333333327,0,19
M022,2026-04-16,H022,8.950000000000001,0.37291666666666673,0,20
M022,2026-04-23,H022,8.767000000000001,0.3811739130434783,0,19
M038,2026-04-19,H038,11.356,0.4937391304347826,0,20
M038,2026-04-27,H038,10.09,0.42041666666666666,0,20
M010,2026-04-06,H010,7.992999999999999,0.3633181818181818,0,20
M010,2026-04-20,H010,8.923,0.3717916666666667,0,20
M010,2026-04-18,H010,9.881999999999998,0.4117499999999999,0,21
M029,2026-04-12,H029,10.053,0.41887500000000005,0,20
M029,2026-04-26,H029,9.408,0.40904347826086956,0,20
M029,2026-04-01,H029,9.064000000000002,0.37766666666666676,0,19
M029,2026-04-08,H029,8.471,0.36830434782608695,0,20
M029,2026-04-30,H029,8.845999999999998,0.36858333333333326,0,20
M029,2026-04-03,H029,8.461,0.3525416666666667,0,20
M029,2026-04-04,H029,9.947999999999999,0.4144999999999999,0,20
M032,2026-04-06,H032,8.046999999999999,0.3352916666666666,0,19
M032,2026-04-28,H032,7.952000000000001,0.34573913043478266,0,20
M032,2026-04-08,H032,7.970000000000001,0.33208333333333334,0,19
M032,2026-04-15,H032,7.680999999999999,0.3200416666666666,0,20
M032,2026-04-30,H032,7.250000000000002,0.3152173913043479,0,21
M032,2026-04-10,H032,7.866,0.32775,0,21
M031,2026-04-02,H031,8.079,0.336625,0,20
M031,2026-04-09,H031,7.2700000000000005,0.30291666666666667,0,20
M031,2026-04-11,H031,8.961,0.373375,0,21
M027,2026-04-26,H027,8.456,0.35233333333333333,0,19
M027,2026-04-14,H027,7.364,0.30683333333333335,0,20
M027,2026-04-01,H027,7.494,0.31224999999999997,0,20
M027,2026-04-08,H027,7.3549999999999995,0.30645833333333333,0,19
M027,2026-04-10,H027,7.4079999999999995,0.30866666666666664,0,20
M020,2026-04-26,H020,8.190999999999999,0.3412916666666666,0,21
M020,2026-04-27,H020,7.451,0.31045833333333334,0,20
M020,2026-04-11,H020,8.688,0.36200000000000004,0,20
M003,2026-04-03,H003,6.573,0.27387500000000004,0,20
M003,2026-04-04,H003,7.312999999999999,0.31795652173913036,0,20
M001,2026-04-12,H001,8.415000000000001,0.350625,0,19
M001,2026-04-26,H001,8.341999999999999,0.3475833333333333,0,19
M001,2026-04-20,H001,7.192,0.2996666666666667,0,20
M001,2026-04-07,H001,7.231999999999999,0.3013333333333333,0,20
M001,2026-04-15,H001,6.853,0.2979565217391304,0,20
M021,2026-04-13,H021,6.704,0.2793333333333333,0,19
M021,2026-04-22,H021,7.300000000000001,0.3041666666666667,0,20
M021,2026-04-02,H021,6.606,0.27525,0,19
M021,2026-04-04,H021,7.802999999999999,0.32512499999999994,0,19
M021,2026-04-11,H021,7.619999999999998,0.31749999999999995,0,19
M012,2026-04-14,H012,6.6259999999999994,0.2760833333333333,0,21
M012,2026-04-28,H012,6.312,0.263,0,20
M012,2026-04-09,H012,6.469,0.2695416666666667,0,19
M012,2026-04-23,H012,6.544,0.27266666666666667,0,20
M012,2026-04-03,H012,6.961,0.2900416666666667,0,20
M012,2026-04-11,H012,7.5120000000000005,0.313,0,19
M033,2026-04-20,H033,5.68,0.23666666666666666,0,20
M033,2026-04-17,H033,5.937,0.247375,0,20
M004,2026-04-07,H004,6.081,0.253375,0,19
M004,2026-04-14,H004,6.1549999999999985,0.2564583333333333,0,20
M004,2026-04-08,H004,6.212999999999999,0.25887499999999997,0,20
M004,2026-04-15,H004,6.140000000000001,0.25583333333333336,0,21
M004,2026-04-29,H004,5.953,0.25882608695652176,0,20
M004,2026-04-16,H004,6.121,0.25504166666666667,0,20
M004,2026-04-30,H004,5.600000000000001,0.2333333333333334,0,20
M004,2026-04-04,H004,6.627,0.276125,0,20
M004,2026-04-11,H004,6.387999999999999,0.2661666666666666,0,21
M004,2026-04-25,H004,7.002000000000001,0.29175,0,20
M007,2026-04-22,H007,4.341,0.180875,0,20
M007,2026-04-24,H007,4.459,0.18579166666666666,0,20
M007,2026-04-11,H007,5.344,0.22266666666666668,0,19
M007,2026-04-04,H007,5.146000000000002,0.2237391304347827,0,20
M030,2026-04-06,H030,4.4799999999999995,0.18666666666666665,0,19
M030,2026-04-01,H030,4.597,0.1915416666666667,0,20
M030,2026-04-29,H030,4.612,0.19216666666666668,0,21
M015,2026-04-19,H015,16.22,0.6758333333333333,0,20
M015,2026-04-22,H015,14.188999999999998,0.5912083333333332,0,20
M023,2026-04-02,H023,13.918,0.5799166666666666,0,20
M009,2026-04-07,H009,14.913,0.621375,0,18
M009,2026-04-30,H009,14.219000000000003,0.5924583333333334,0,20
M009,2026-04-04,H009,16.921000000000003,0.7050416666666668,0,20
M009,2026-04-11,H009,16.152,0.673,0,20
M018,2026-04-17,H018,13.259999999999998,0.5524999999999999,0,20
M018,2026-04-18,H018,15.301,0.6375416666666667,0,20
M018,2026-04-25,H018,14.856000000000002,0.6190000000000001,0,20
M026,2026-04-14,H026,13.645,0.5932608695652174,0,20
M026,2026-04-22,H026,14.002,0.5834166666666667,0,21
M026,2026-04-25,H026,16.234,0.6764166666666668,0,20
M025,2026-04-28,H025,13.51,0.5629166666666666,0,19
M035,2026-04-07,H035,13.33,0.5795652173913044,0,21
M014,2026-04-27,H014,13.637000000000002,0.5682083333333334,0,20
M014,2026-04-03,H014,12.745,0.5310416666666666,0,19
M014,2026-04-04,H014,15.216000000000001,0.634,1,20
M039,2026-04-15,H039,13.229999999999997,0.5512499999999999,0,19
M039,2026-04-16,H039,13.283999999999999,0.5535,0,20
M039,2026-04-23,H039,13.187000000000001,0.5494583333333334,0,19
M039,2026-04-17,H039,13.416,0.559,0,19
M039,2026-04-25,H039,14.987,0.6244583333333333,0,21
M011,2026-04-22,H011,11.298,0.47075,0,21
M011,2026-04-29,H011,11.06,0.4608333333333334,0,20
M011,2026-04-03,H011,11.837,0.4932083333333333,0,20
M011,2026-04-10,H011,11.197,0.46654166666666663,0,20
M019,2026-04-29,H019,11.129999999999999,0.46374999999999994,0,21
M019,2026-04-03,H019,10.978999999999997,0.45745833333333324,0,19
M019,2026-04-18,H019,13.297,0.5540416666666667,0,20
M002,2026-04-12,H002,13.514,0.5630833333333333,0,19
M002,2026-04-21,H002,10.823000000000002,0.4509583333333334,0,19
M002,2026-04-03,H002,11.120000000000001,0.4633333333333334,0,19
M002,2026-04-10,H002,11.334000000000001,0.47225000000000006,0,21
M002,2026-04-24,H002,11.066,0.46108333333333335,0,20
M034,2026-04-19,H034,12.17,0.5291304347826087,0,20
M034,2026-04-21,H034,11.428,0.4761666666666667,0,19
M034,2026-04-29,H034,11.470999999999998,0.47795833333333326,0,20
M034,2026-04-30,H034,10.989,0.4777826086956522,0,19
M034,2026-04-10,H034,10.508000000000001,0.43783333333333335,0,19
M034,2026-04-03,H034,11.921000000000001,0.518304347826087,0,20
M006,2026-04-19,H006,10.643999999999998,0.44349999999999995,0,20
M006,2026-04-03,H006,8.623000000000001,0.37491304347826093,0,21
M024,2026-04-02,H024,10.795,0.4693478260869565,0,20
M024,2026-04-23,H024,12.312,0.513,0,20
M024,2026-04-30,H024,11.846000000000002,0.49358333333333343,0,20
M024,2026-04-04,H024,13.905999999999999,0.5794166666666666,1,20
M028,2026-04-06,H028,10.225,0.44456521739130433,0,20
M028,2026-04-13,H028,10.086,0.42025,0,19
M028,2026-04-27,H028,9.19,0.39956521739130435,0,19
M028,2026-04-08,H028,10.004,0.41683333333333333,0,20
M028,2026-04-02,H028,9.743000000000002,0.4059583333333334,0,21
M022,2026-04-12,H022,9.946,0.41441666666666666,0,20
M022,2026-04-30,H022,8.815,0.3672916666666666,0,19
M022,2026-04-18,H022,9.455,0.39395833333333335,0,19
M038,2026-04-22,H038,10.423,0.4342916666666667,0,20
M038,2026-04-03,H038,10.125,0.44021739130434784,0,20
M010,2026-04-05,H010,9.744,0.4236521739130435,0,20
M010,2026-04-14,H010,8.628000000000002,0.3595000000000001,0,20
M010,2026-04-08,H010,8.578,0.35741666666666666,0,19
M010,2026-04-10,H010,7.987000000000001,0.34726086956521746,0,20
M010,2026-04-24,H010,9.094999999999999,0.3789583333333333,0,19
M010,2026-04-11,H010,9.927,0.41362499999999996,0,21
M029,2026-04-14,H029,8.746999999999998,0.3644583333333333,0,20
M029,2026-04-21,H029,8.535000000000002,0.3556250000000001,0,20
M029,2026-04-15,H029,8.412,0.35050000000000003,0,21
M029,2026-04-29,H029,8.655999999999999,0.36066666666666664,0,19
M032,2026-04-03,H032,8.241000000000001,0.34337500000000004,0,20
M032,2026-04-11,H032,8.906,0.3710833333333334,0,19
M031,2026-04-05,H031,8.91,0.37125,0,20
M031,2026-04-01,H031,7.821,0.34004347826086956,1,19
M031,2026-04-10,H031,7.911000000000001,0.32962500000000006,0,21
M027,2026-04-05,H027,8.496,0.35400000000000004,0,20
M027,2026-04-20,H027,7.221,0.300875,0,21
M027,2026-04-07,H027,7.7669999999999995,0.323625,0,20
M027,2026-04-03,H027,7.377999999999999,0.3074166666666666,0,19
M027,2026-04-11,H027,8.278,0.3449166666666667,0,20
M020,2026-04-13,H020,7.038000000000001,0.29325000000000007,0,20
M020,2026-04-07,H020,6.936000000000001,0.3015652173913044,0,21
M020,2026-04-01,H020,6.936,0.289,1,20
M020,2026-04-16,H020,6.689,0.29082608695652173,0,19
M020,2026-04-23,H020,7.306,0.30441666666666667,0,20
M020,2026-04-04,H020,8.631000000000002,0.3752608695652175,1,20
M020,2026-04-18,H020,8.226,0.34275000000000005,0,19
M003,2026-04-15,H003,6.343,0.26429166666666665,0,20
M003,2026-04-25,H003,7.510000000000001,0.3129166666666667,0,19
M001,2026-04-06,H001,7.404000000000002,0.30850000000000005,0,19
M001,2026-04-14,H001,7.329999999999999,0.3054166666666666,0,19
M001,2026-04-01,H001,7.287999999999999,0.30366666666666664,0,20
M001,2026-04-03,H001,7.192,0.2996666666666667,0,20
M001,2026-04-17,H001,7.255,0.3022916666666667,0,20
M021,2026-04-19,H021,7.689,0.320375,0,20
M021,2026-04-20,H021,5.974,0.25973913043478264,0,20
M021,2026-04-09,H021,6.561,0.273375,0,19
M012,2026-04-02,H012,6.593,0.27470833333333333,0,20
M033,2026-04-28,H033,5.613,0.24404347826086958,0,20
M033,2026-04-08,H033,5.457000000000001,0.2372608695652174,0,20
M033,2026-04-30,H033,5.819999999999999,0.24249999999999997,0,20
M004,2026-04-20,H004,6.121999999999999,0.2550833333333333,0,19
M004,2026-04-21,H004,5.867000000000001,0.24445833333333336,0,19
M004,2026-04-02,H004,5.917999999999999,0.2465833333333333,0,20
M004,2026-04-09,H004,6.0569999999999995,0.25237499999999996,0,21
M004,2026-04-23,H004,5.928,0.247,0,20
M004,2026-04-18,H004,7.157000000000002,0.2982083333333334,0,19
M007,2026-04-09,H007,4.673000000000001,0.19470833333333337,0,20
M007,2026-04-18,H007,5.156,0.21483333333333332,0,20
M030,2026-04-24,H030,4.514000000000001,0.18808333333333338,0,20
M030,2026-04-11,H030,5.332,0.22216666666666665,0,20
M030,2026-04-25,H030,5.4399999999999995,0.22666666666666666,0,20
M015,2026-04-05,H015,16.087,0.6702916666666666,0,20
M015,2026-04-07,H015,14.045000000000002,0.5852083333333334,0,20
M015,2026-04-14,H015,13.979000000000003,0.5824583333333334,0,20
M015,2026-04-23,H015,14.061000000000002,0.585875,0,21
M015,2026-04-03,H015,14.301999999999998,0.5959166666666665,0,19
M015,2026-04-10,H015,13.512,0.5874782608695652,0,20
M023,2026-04-13,H023,13.204,0.5501666666666667,0,19
M023,2026-04-08,H023,14.592999999999998,0.6080416666666666,0,20
M023,2026-04-10,H023,13.597999999999999,0.5665833333333333,0,20
M009,2026-04-12,H009,16.911,0.7046250000000001,0,20
M009,2026-04-06,H009,15.225999999999999,0.6344166666666666,0,20
M009,2026-04-02,H009,14.783999999999999,0.616,0,19
M009,2026-04-23,H009,13.789000000000001,0.5995217391304348,0,20
M009,2026-04-03,H009,14.966000000000003,0.6235833333333335,0,19
M018,2026-04-06,H018,13.015000000000002,0.5422916666666667,0,20
M018,2026-04-21,H018,13.058,0.5440833333333334,0,19
M018,2026-04-08,H018,12.926000000000002,0.5385833333333334,0,20
M018,2026-04-22,H018,13.132000000000001,0.5471666666666667,0,20
M018,2026-04-16,H018,13.163000000000002,0.5484583333333334,0,20
M018,2026-04-10,H018,13.453000000000001,0.5605416666666667,0,19
M018,2026-04-11,H018,15.186000000000002,0.63275,0,20
M026,2026-04-12,H026,15.959999999999999,0.6649999999999999,0,20
M026,2026-04-27,H026,13.580999999999998,0.5658749999999999,0,19
M025,2026-04-26,H025,16.503,0.687625,0,19
M025,2026-04-20,H025,13.975,0.5822916666666667,0,20
M025,2026-04-29,H025,14.420999999999998,0.6008749999999999,0,20
M025,2026-04-16,H025,14.590999999999998,0.6079583333333333,0,19
M025,2026-04-17,H025,14.042,0.6105217391304347,0,20
M025,2026-04-24,H025,14.123000000000001,0.6140434782608696,0,19
M035,2026-04-21,H035,14.123000000000001,0.5884583333333334,0,20
M035,2026-04-01,H035,14.194,0.5914166666666667,1,20
M035,2026-04-22,H035,13.777,0.599,0,20
M035,2026-04-30,H035,13.648000000000001,0.5686666666666668,0,20
M014,2026-04-12,H014,15.343,0.6392916666666667,0,20
M014,2026-04-19,H014,14.171,0.5904583333333333,0,21
M014,2026-04-14,H014,13.872,0.578,0,21
M014,2026-04-08,H014,13.13,0.5470833333333334,0,20
M014,2026-04-23,H014,13.216,0.5506666666666666,0,19
M039,2026-04-19,H039,15.065,0.6277083333333333,0,21
M039,2026-04-06,H039,13.809000000000001,0.5753750000000001,0,21
M039,2026-04-21,H039,13.475999999999999,0.5615,0,19
M039,2026-04-30,H039,12.755,0.5314583333333334,0,20
M011,2026-04-17,H011,11.188,0.4661666666666667,0,21
M011,2026-04-25,H011,12.697000000000001,0.5290416666666667,0,20
M019,2026-04-07,H019,10.960999999999997,0.4567083333333332,0,20
M019,2026-04-01,H019,11.067999999999998,0.46116666666666656,1,20
M019,2026-04-15,H019,11.131,0.46379166666666666,0,20
M019,2026-04-09,H019,11.466000000000001,0.47775000000000006,0,19
M019,2026-04-10,H019,10.796999999999999,0.44987499999999997,0,20
M019,2026-04-25,H019,13.055,0.5439583333333333,0,20
M002,2026-04-06,H002,11.294,0.47058333333333335,0,19
M002,2026-04-20,H002,11.586,0.48275,0,19
M002,2026-04-27,H002,11.226999999999999,0.4677916666666666,0,19
M002,2026-04-23,H002,11.66,0.48583333333333334,0,20
M034,2026-04-06,H034,10.455,0.45456521739130434,0,20
M034,2026-04-25,H034,13.49,0.5620833333333334,1,20
M006,2026-04-26,H006,11.821000000000002,0.4925416666666667,0,20
M006,2026-04-13,H006,8.828,0.3678333333333333,0,20
M006,2026-04-24,H006,9.165000000000003,0.38187500000000013,0,20
M024,2026-04-12,H024,14.708,0.6128333333333333,0,19
M024,2026-04-19,H024,14.349999999999998,0.5979166666666665,0,20
M024,2026-04-20,H024,11.429000000000002,0.4762083333333334,0,19
M024,2026-04-07,H024,11.546000000000001,0.502,0,21
M024,2026-04-28,H024,12.373000000000003,0.5155416666666668,0,20
M024,2026-04-25,H024,12.994,0.5649565217391305,0,21
M028,2026-04-12,H028,11.173000000000002,0.48578260869565226,0,21
M028,2026-04-07,H028,9.751999999999999,0.40633333333333327,0,20
M022,2026-04-24,H022,8.583999999999998,0.3576666666666666,0,21
M022,2026-04-25,H022,10.359,0.431625,0,20
M038,2026-04-20,H038,9.876000000000001,0.41150000000000003,0,20
M038,2026-04-01,H038,10.030000000000001,0.4179166666666667,1,19
M038,2026-04-08,H038,9.41,0.39208333333333334,0,19
M038,2026-04-29,H038,9.787999999999998,0.40783333333333327,0,20
M038,2026-04-10,H038,10.17,0.42375,0,20
M038,2026-04-24,H038,9.795,0.408125,0,20
M038,2026-04-04,H038,11.319999999999999,0.4716666666666666,0,19
M010,2026-04-12,H010,9.960999999999999,0.43308695652173906,0,19
M010,2026-04-22,H010,8.219999999999999,0.34249999999999997,0,21
M010,2026-04-29,H010,8.711000000000002,0.36295833333333344,0,20
M029,2026-04-05,H029,10.022000000000002,0.4175833333333334,0,20
M029,2026-04-13,H029,8.716,0.36316666666666664,0,19
M029,2026-04-22,H029,8.319,0.346625,0,19
M029,2026-04-10,H029,9.033000000000001,0.37637500000000007,0,19
M029,2026-04-17,H029,8.403999999999998,0.35016666666666657,0,20
M032,2026-04-12,H032,9.256999999999998,0.38570833333333326,0,20
M032,2026-04-26,H032,8.498000000000001,0.36947826086956526,0,20
M031,2026-04-26,H031,8.667,0.37682608695652176,0,20
M031,2026-04-29,H031,7.7989999999999995,0.3249583333333333,0,20
M031,2026-04-23,H031,8.309,0.3462083333333333,0,20
M027,2026-04-06,H027,7.070999999999999,0.3074347826086956,0,19
M027,2026-04-13,H027,7.202999999999999,0.300125,0,20
M027,2026-04-29,H027,7.088,0.30817391304347824,0,19
M027,2026-04-23,H027,7.233000000000001,0.30137500000000006,0,20
M020,2026-04-20,H020,6.965,0.29020833333333335,0,19
M020,2026-04-03,H020,7.5360000000000005,0.314,0,21
M003,2026-04-26,H003,7.5870000000000015,0.31612500000000004,0,21
M003,2026-04-13,H003,6.500999999999999,0.2708749999999999,0,19
M003,2026-04-14,H003,6.639000000000001,0.27662500000000007,0,21
M003,2026-04-29,H003,6.915000000000001,0.288125,0,19
M003,2026-04-23,H003,6.418000000000002,0.26741666666666675,0,20
M003,2026-04-24,H003,6.909000000000001,0.28787500000000005,0,19
M001,2026-04-19,H001,8.302,0.34591666666666665,1,20
M001,2026-04-09,H001,7.1160000000000005,0.29650000000000004,0,20
M001,2026-04-23,H001,7.094,0.29558333333333336,0,20
M001,2026-04-10,H001,7.014,0.29225,0,19
M001,2026-04-04,H001,8.212000000000002,0.34216666666666673,0,20
M001,2026-04-25,H001,8.205,0.341875,0,21
M021,2026-04-08,H021,6.877000000000001,0.2865416666666667,0,21
M021,2026-04-29,H021,6.451000000000001,0.2687916666666667,0,19
M021,2026-04-30,H021,6.601,0.287,0,20
M021,2026-04-10,H021,6.831,0.284625,0,19
M004,2026-04-22,H004,5.909000000000001,0.24620833333333336,0,21
M007,2026-04-12,H007,5.541,0.23087500000000002,0,19
M007,2026-04-14,H007,4.5649999999999995,0.1902083333333333,0,20
M007,2026-04-03,H007,4.567,0.19029166666666666,0,21
M030,2026-04-05,H030,5.342,0.22258333333333333,0,20
M030,2026-04-26,H030,5.681000000000001,0.23670833333333338,0,21
M030,2026-04-07,H030,4.561,0.19004166666666666,0,20
M030,2026-04-02,H030,4.41,0.18375,0,19
M030,2026-04-17,H030,4.489000000000001,0.1870416666666667,0,20
M030,2026-04-04,H030,5.285000000000001,0.22020833333333337,0,20
M030,2026-04-18,H030,5.414,0.22558333333333333,0,20
M015,2026-04-28,H015,13.013999999999998,0.5422499999999999,0,21
M015,2026-04-30,H015,13.562999999999999,0.565125,0,20
M015,2026-04-17,H015,13.767000000000001,0.5985652173913044,0,21
M015,2026-04-25,H015,15.667,0.6527916666666667,0,20
M023,2026-04-19,H023,15.258,0.6357499999999999,0,20
M023,2026-04-06,H023,14.512,0.6046666666666667,0,20
M023,2026-04-28,H023,14.209999999999999,0.5920833333333333,0,19
M023,2026-04-01,H023,14.129999999999999,0.58875,0,21
M023,2026-04-23,H023,14.295,0.595625,0,19
M023,2026-04-04,H023,14.520000000000001,0.631304347826087,0,18
M009,2026-04-19,H009,17.122999999999998,0.7134583333333332,0,20
M009,2026-04-27,H009,14.354,0.5980833333333333,0,20
M009,2026-04-08,H009,14.345999999999998,0.5977499999999999,0,21
M009,2026-04-15,H009,14.637999999999996,0.6099166666666666,0,19
M009,2026-04-24,H009,14.401999999999997,0.6000833333333332,0,20
M018,2026-04-27,H018,13.470999999999998,0.5612916666666666,0,20
M018,2026-04-07,H018,12.940999999999999,0.5392083333333333,0,20
M018,2026-04-28,H018,13.181000000000001,0.5492083333333334,0,19
M018,2026-04-15,H018,13.615000000000002,0.5672916666666667,0,20
M026,2026-04-20,H026,13.698000000000002,0.5707500000000001,0,20
M026,2026-04-28,H026,13.322000000000001,0.5792173913043479,0,20
M026,2026-04-30,H026,14.208999999999998,0.5920416666666666,0,20
M025,2026-04-05,H025,16.162,0.6734166666666667,0,20
M025,2026-04-19,H025,14.359,0.6243043478260869,0,20
M025,2026-04-15,H025,14.284999999999998,0.5952083333333332,0,19
M025,2026-04-09,H025,13.687999999999999,0.5703333333333332,0,18
M025,2026-04-23,H025,13.654,0.5936521739130435,0,20
M025,2026-04-11,H025,15.63,0.65125,0,20
M025,2026-04-18,H025,16.38,0.6825,0,19
M025,2026-04-25,H025,14.833,0.6449130434782608,0,20
M035,2026-04-02,H035,14.436000000000003,0.6015000000000001,0,20
M014,2026-04-21,H014,12.919,0.5382916666666667,0,20
M014,2026-04-28,H014,11.787,0.5124782608695653,0,21
M014,2026-04-02,H014,12.589,0.5245416666666667,0,20
M014,2026-04-17,H014,13.383999999999999,0.5576666666666666,0,20
M039,2026-04-07,H039,13.451999999999998,0.5604999999999999,0,20
M039,2026-04-14,H039,13.483999999999998,0.5618333333333333,0,20
M039,2026-04-08,H039,13.711,0.5712916666666666,0,21
M039,2026-04-02,H039,13.562000000000003,0.5650833333333335,0,19
M039,2026-04-03,H039,13.200000000000003,0.5500000000000002,0,20
M011,2026-04-02,H011,10.99,0.4579166666666667,0,21
M011,2026-04-16,H011,11.507000000000003,0.4794583333333335,0,20
M011,2026-04-18,H011,12.767999999999999,0.5319999999999999,0,20
M019,2026-04-27,H019,11.262,0.4896521739130435,0,19
M019,2026-04-02,H019,11.802,0.49174999999999996,0,20
M019,2026-04-17,H019,10.771000000000003,0.44879166666666676,0,19
M002,2026-04-14,H002,11.423000000000002,0.4759583333333334,0,21
M034,2026-04-12,H034,13.011000000000001,0.5421250000000001,0,20
M034,2026-04-09,H034,11.392,0.4746666666666666,0,20
M034,2026-04-17,H034,11.471,0.4779583333333333,0,20
M034,2026-04-11,H034,12.116000000000001,0.5048333333333334,0,19
M006,2026-04-06,H006,9.108999999999998,0.3795416666666666,0,19
M006,2026-04-20,H006,8.193999999999999,0.35626086956521735,0,19
M006,2026-04-07,H006,9.452000000000002,0.3938333333333334,0,19
M006,2026-04-23,H006,9.385000000000002,0.39104166666666673,0,19
M006,2026-04-30,H006,9.307,0.3877916666666667,0,20
M024,2026-04-26,H024,12.404000000000002,0.539304347826087,0,20
M024,2026-04-21,H024,12.317000000000002,0.5132083333333334,0,19
M024,2026-04-15,H024,11.828000000000001,0.4928333333333334,0,19
M024,2026-04-29,H024,10.657999999999998,0.463391304347826,0,21
M024,2026-04-09,H024,12.100000000000001,0.5041666666666668,0,20
M024,2026-04-16,H024,12.666,0.52775,0,19
M028,2026-04-01,H028,10.144,0.4226666666666667,1,19
M028,2026-04-09,H028,10.35,0.43124999999999997,0,19
M028,2026-04-30,H028,9.575,0.3989583333333333,0,21
M028,2026-04-11,H028,11.11,0.4830434782608695,0,20
M022,2026-04-21,H022,8.643,0.36012500000000003,0,20
M022,2026-04-01,H022,8.529000000000002,0.35537500000000005,0,20
M022,2026-04-15,H022,7.61,0.3308695652173913,0,21
M022,2026-04-02,H022,8.584999999999999,0.3577083333333333,0,20
M022,2026-04-10,H022,8.315000000000001,0.34645833333333337,0,20
M038,2026-04-05,H038,11.116999999999999,0.4632083333333333,0,19
M038,2026-04-14,H038,9.825,0.409375,0,19
M010,2026-04-23,H010,8.908,0.37116666666666664,0,20
M010,2026-04-04,H010,9.870999999999999,0.4112916666666666,1,20
M029,2026-04-20,H029,8.453,0.3522083333333333,0,20
M029,2026-04-27,H029,8.77,0.36541666666666667,0,21
M032,2026-04-05,H032,9.054,0.37725000000000003,0,19
M032,2026-04-19,H032,9.107,0.3794583333333333,0,20
M031,2026-04-21,H031,8.247000000000002,0.34362500000000007,0,19
M031,2026-04-17,H031,7.699999999999999,0.3208333333333333,0,20
M031,2026-04-18,H031,8.926000000000002,0.37191666666666673,0,19
M027,2026-04-02,H027,7.083000000000001,0.295125,0,21
M027,2026-04-16,H027,7.487000000000001,0.3119583333333334,0,20
M020,2026-04-05,H020,8.782,0.36591666666666667,0,21
M020,2026-04-17,H020,7.1259999999999994,0.29691666666666666,0,19
M003,2026-04-28,H003,6.053,0.26317391304347826,0,20
M003,2026-04-02,H003,6.6659999999999995,0.27775,0,20
M003,2026-04-16,H003,6.564,0.2735,0,21
M003,2026-04-10,H003,6.632999999999999,0.276375,0,20
M001,2026-04-05,H001,8.373,0.348875,0,20
M001,2026-04-29,H001,7.252999999999999,0.3022083333333333,0,20
M001,2026-04-30,H001,6.961999999999999,0.2900833333333333,0,21
M001,2026-04-24,H001,7.0729999999999995,0.2947083333333333,0,20
M021,2026-04-06,H021,7.039,0.2932916666666667,0,20
M021,2026-04-07,H021,6.5360000000000005,0.2841739130434783,0,20
M021,2026-04-28,H021,6.619000000000001,0.2877826086956522,0,21
M021,2026-04-25,H021,7.632,0.318,0,20
M012,2026-04-27,H012,6.654,0.27725,0,19
M012,2026-04-08,H012,6.490000000000001,0.2704166666666667,0,19
M012,2026-04-22,H012,7.007000000000001,0.2919583333333334,0,20
M012,2026-04-10,H012,6.538,0.2724166666666667,0,20
M033,2026-04-07,H033,8.233,0.3430416666666667,1,12
M033,2026-04-24,H033,6.106,0.2544166666666667,0,20
M033,2026-04-25,H033,6.629,0.27620833333333333,0,19
M004,2026-04-12,H004,7.082,0.2950833333333333,0,21
M007,2026-04-26,H007,5.3919999999999995,0.22466666666666665,0,20
M007,2026-04-27,H007,4.572,0.1905,0,20
M007,2026-04-21,H007,4.566,0.19025,0,20
M007,2026-04-28,H007,4.58,0.19083333333333333,0,19
M007,2026-04-01,H007,4.554,0.18975,1,21
M007,2026-04-29,H007,4.509,0.18787500000000001,0,21
M007,2026-04-30,H007,4.448,0.18533333333333335,0,20
M007,2026-04-10,H007,4.733,0.19720833333333332,0,19
M030,2026-04-09,H030,4.631,0.19295833333333334,0,20
M015,2026-04-26,H015,16.131,0.672125,0,19
M015,2026-04-06,H015,13.595,0.5910869565217391,0,20
M015,2026-04-13,H015,14.041000000000002,0.5850416666666668,0,20
M015,2026-04-02,H015,13.418000000000001,0.5590833333333334,0,19
M023,2026-04-26,H023,15.569999999999999,0.6487499999999999,0,20
M023,2026-04-14,H023,14.030999999999997,0.5846249999999998,0,19
M023,2026-04-25,H023,15.235000000000001,0.6623913043478261,0,19
M009,2026-04-26,H009,16.758,0.6982499999999999,0,20
M009,2026-04-14,H009,14.108000000000002,0.5878333333333334,0,20
M009,2026-04-09,H009,14.102,0.6131304347826088,0,20
M009,2026-04-16,H009,15.226,0.6344166666666667,0,20
M009,2026-04-18,H009,16.826,0.7010833333333334,1,20
M009,2026-04-25,H009,17.331,0.722125,0,20
M018,2026-04-13,H018,13.011,0.542125,0,20
M018,2026-04-04,H018,15.627999999999998,0.6511666666666666,0,20
M026,2026-04-05,H026,16.861,0.7025416666666667,1,20
M026,2026-04-21,H026,13.718999999999998,0.5716249999999999,0,20
M026,2026-04-01,H026,14.369,0.5987083333333333,0,20
M026,2026-04-29,H026,14.524000000000003,0.6051666666666667,0,20
M026,2026-04-16,H026,13.515,0.563125,0,20
M026,2026-04-10,H026,13.253,0.5522083333333333,0,19
M026,2026-04-24,H026,14.041,0.5850416666666667,0,21
M025,2026-04-06,H025,13.090000000000002,0.5691304347826087,0,19
M035,2026-04-27,H035,14.271,0.5946250000000001,0,19
M035,2026-04-08,H035,14.13,0.58875,0,20
M035,2026-04-03,H035,13.956,0.5815,0,20
M035,2026-04-18,H035,15.367999999999999,0.6681739130434782,0,20
M014,2026-04-05,H014,15.216000000000001,0.634,0,19
M014,2026-04-20,H014,12.743,0.5309583333333333,0,20
M039,2026-04-13,H039,13.021000000000003,0.5425416666666668,0,20
M039,2026-04-28,H039,13.362,0.55675,0,20
M011,2026-04-06,H011,11.275999999999998,0.46983333333333327,0,21
M011,2026-04-01,H011,11.081000000000001,0.4617083333333334,1,20
M011,2026-04-09,H011,10.775999999999998,0.4685217391304347,0,21
M011,2026-04-30,H011,10.884000000000002,0.45350000000000007,0,20
M011,2026-04-24,H011,11.448000000000002,0.4770000000000001,0,20
M019,2026-04-12,H019,12.858,0.5357500000000001,0,21
M019,2026-04-16,H019,11.000000000000002,0.4583333333333334,0,20
M019,2026-04-23,H019,10.735,0.4667391304347826,0,21
M019,2026-04-24,H019,11.767,0.4902916666666666,0,21
M002,2026-04-13,H002,11.045999999999998,0.4602499999999999,0,20
M002,2026-04-08,H002,10.931,0.4554583333333333,0,20
M002,2026-04-09,H002,11.725999999999999,0.4885833333333333,0,20
M002,2026-04-16,H002,11.773,0.49054166666666665,0,20
M002,2026-04-11,H002,12.653,0.5272083333333334,0,20
M034,2026-04-05,H034,12.984000000000002,0.541,0,19
M034,2026-04-04,H034,13.222,0.5509166666666666,0,21
M034,2026-04-18,H034,12.412999999999998,0.5172083333333333,0,20
M006,2026-04-21,H006,9.058000000000002,0.37741666666666673,0,20
M006,2026-04-16,H006,9.459,0.394125,0,20
M024,2026-04-27,H024,12.079999999999998,0.5033333333333333,0,20
M024,2026-04-14,H024,7.577,0.3157083333333333,8,21
M028,2026-04-19,H028,11.551999999999998,0.4813333333333332,0,20
M028,2026-04-23,H028,10.561,0.44004166666666666,0,20
M028,2026-04-10,H028,10.498000000000001,0.43741666666666673,0,19
M028,2026-04-18,H028,11.849,0.49370833333333336,0,20
M028,2026-04-25,H028,11.827,0.4927916666666667,0,20
M022,2026-04-05,H022,10.336,0.4306666666666667,1,20
M022,2026-04-07,H022,8.469999999999999,0.3529166666666666,0,20
M022,2026-04-28,H022,8.054,0.33558333333333334,0,21
M022,2026-04-04,H022,9.784,0.4076666666666667,0,20
M022,2026-04-11,H022,10.072,0.41966666666666663,0,20
M038,2026-04-02,H038,9.887999999999998,0.4119999999999999,0,20
M010,2026-04-19,H010,9.814999999999998,0.40895833333333326,0,19
M010,2026-04-26,H010,9.950999999999999,0.41462499999999997,0,20
M010,2026-04-02,H010,8.796,0.3665,0,20
M010,2026-04-30,H010,8.507000000000001,0.3544583333333334,0,19
M010,2026-04-17,H010,8.492,0.3538333333333334,0,20
M010,2026-04-25,H010,9.946000000000002,0.4144166666666667,0,20
M029,2026-04-06,H029,7.992999999999999,0.34752173913043477,0,19
M029,2026-04-07,H029,8.361000000000002,0.3483750000000001,0,20
M029,2026-04-28,H029,8.520000000000001,0.35500000000000004,0,21
M029,2026-04-11,H029,9.583000000000002,0.39929166666666677,0,20
M029,2026-04-18,H029,10.128,0.422,0,20
M032,2026-04-17,H032,8.361,0.34837500000000005,0,20
M032,2026-04-25,H032,8.972999999999999,0.37387499999999996,0,21
M031,2026-04-12,H031,8.383000000000001,0.36447826086956525,1,20
M031,2026-04-13,H031,7.682999999999999,0.3340434782608695,0,19
M031,2026-04-20,H031,7.851,0.327125,0,20
M031,2026-04-14,H031,8.162999999999998,0.34012499999999996,0,21
M031,2026-04-28,H031,8.027999999999999,0.33449999999999996,0,18
M031,2026-04-08,H031,8.083,0.33679166666666666,0,21
M031,2026-04-30,H031,7.7620000000000005,0.3234166666666667,0,20
M031,2026-04-03,H031,7.567000000000001,0.3152916666666667,0,19
M031,2026-04-24,H031,7.736000000000001,0.33634782608695657,0,20
M027,2026-04-21,H027,7.42,0.30916666666666665,0,20
M027,2026-04-15,H027,7.066999999999998,0.3072608695652173,0,19
M020,2026-04-12,H020,8.642,0.3600833333333333,0,20
M020,2026-04-15,H020,7.1,0.29583333333333334,0,21
M003,2026-04-21,H003,5.87,0.26681818181818184,0,21
M003,2026-04-09,H003,6.517,0.2715416666666667,0,19
M001,2026-04-27,H001,7.152000000000001,0.31095652173913046,0,20
M001,2026-04-21,H001,6.616999999999999,0.287695652173913,0,20
M001,2026-04-02,H001,7.473000000000001,0.311375,0,20
M001,2026-04-16,H001,7.415,0.30895833333333333,0,20
M001,2026-04-11,H001,7.7170000000000005,0.3355217391304348,0,20
M021,2026-04-26,H021,7.718,0.32158333333333333,0,19
M021,2026-04-14,H021,6.933999999999999,0.28891666666666665,0,20
M021,2026-04-17,H021,6.156999999999999,0.267695652173913,0,19
M012,2026-04-19,H012,7.284,0.31669565217391304,0,20
M012,2026-04-20,H012,6.569999999999999,0.27375,0,20
M012,2026-04-17,H012,6.166000000000001,0.2680869565217392,0,19
M033,2026-04-12,H033,6.609999999999999,0.28739130434782606,0,21
M033,2026-04-15,H033,6.281000000000001,0.2617083333333334,0,20
M033,2026-04-22,H033,9.046000000000001,0.37691666666666673,1,1
M004,2026-04-26,H004,7.042999999999999,0.2934583333333333,0,20
M004,2026-04-28,H004,5.394,0.23452173913043478,0,21
M007,2026-04-06,H007,4.777,0.19904166666666667,0,20
M007,2026-04-23,H007,4.601,0.19170833333333334,0,20
M007,2026-04-17,H007,4.643999999999999,0.19349999999999998,0,20
M030,2026-04-12,H030,5.361999999999999,0.22341666666666662,0,20
M030,2026-04-19,H030,5.251,0.22830434782608697,0,20
M030,2026-04-13,H030,4.753,0.19804166666666667,0,20
M030,2026-04-14,H030,4.678,0.19491666666666665,0,19
M030,2026-04-21,H030,4.766,0.19858333333333333,0,20
M030,2026-04-23,H030,4.514,0.18808333333333335,0,19
M030,2026-04-03,H030,4.856,0.20233333333333334,0,20
M015,2026-04-20,H015,12.822000000000001,0.5574782608695653,0,20
M023,2026-04-07,H023,13.501999999999999,0.5625833333333333,0,20
M023,2026-04-15,H023,13.58,0.5658333333333333,0,20
M023,2026-04-09,H023,14.071,0.5862916666666667,0,20
M023,2026-04-16,H023,13.661999999999997,0.5692499999999999,0,19
M023,2026-04-30,H023,14.238,0.5932499999999999,0,19
M023,2026-04-24,H023,13.974000000000002,0.6075652173913044,0,20
M009,2026-04-05,H009,17.201,0.7167083333333334,0,19
M018,2026-04-14,H018,13.195999999999998,0.5498333333333333,0,20
M018,2026-04-01,H018,12.877,0.5598695652173913,1,20
M018,2026-04-30,H018,12.895,0.5372916666666666,0,20
M018,2026-04-24,H018,12.445999999999998,0.5411304347826086,0,19
M026,2026-04-19,H026,15.963,0.665125,0,19
M026,2026-04-13,H026,13.841,0.5767083333333333,0,19
M026,2026-04-09,H026,13.309000000000001,0.5786521739130436,0,21
M026,2026-04-23,H026,13.656000000000002,0.5690000000000001,0,20
M026,2026-04-03,H026,14.330000000000002,0.5970833333333334,0,19
M026,2026-04-04,H026,17.069999999999997,0.7112499999999998,0,20
M026,2026-04-11,H026,16.798000000000005,0.6999166666666669,0,19
M025,2026-04-14,H025,14.027,0.5844583333333333,0,20
M025,2026-04-30,H025,13.654,0.5689166666666666,0,20
M035,2026-04-06,H035,14.228,0.5928333333333333,0,20
M035,2026-04-09,H035,14.351999999999999,0.598,0,21
M035,2026-04-17,H035,13.769,0.5737083333333334,0,19
M014,2026-04-09,H014,12.283000000000001,0.5340434782608696,0,20
M014,2026-04-11,H014,15.921000000000001,0.663375,0,19
M039,2026-04-12,H039,14.96,0.6504347826086957,0,20
M039,2026-04-20,H039,13.423000000000002,0.5592916666666667,0,21
M039,2026-04-22,H039,12.883,0.5367916666666667,0,21
M039,2026-04-10,H039,13.297,0.5540416666666667,0,20
M011,2026-04-14,H011,11.205,0.466875,0,21
M011,2026-04-21,H011,11.032,0.45966666666666667,0,19
M019,2026-04-06,H019,11.073,0.46137500000000004,0,20
M019,2026-04-13,H019,11.095999999999998,0.46233333333333326,0,20
M019,2026-04-20,H019,11.474999999999996,0.47812499999999986,0,20
M002,2026-04-30,H002,10.960999999999999,0.45670833333333327,0,20
M002,2026-04-25,H002,12.768999999999998,0.5320416666666666,0,19
M034,2026-04-08,H034,11.27,0.4695833333333333,0,20
M034,2026-04-22,H034,10.945,0.4560416666666667,0,21
M034,2026-04-02,H034,10.569999999999999,0.4595652173913043,0,20
M034,2026-04-23,H034,11.690999999999999,0.487125,0,20
M006,2026-04-05,H006,10.56,0.44,0,20
M006,2026-04-15,H006,8.133999999999999,0.3697272727272727,0,21
M006,2026-04-02,H006,9.337000000000002,0.38904166666666673,0,20
M006,2026-04-04,H006,10.338,0.43074999999999997,0,19
M024,2026-04-11,H024,13.802000000000001,0.5750833333333334,0,20
M028,2026-04-20,H028,10.184,0.4243333333333333,0,20
M022,2026-04-26,H022,9.561000000000002,0.3983750000000001,0,20
M022,2026-04-13,H022,8.779,0.3657916666666667,0,19
M022,2026-04-27,H022,8.895999999999999,0.37066666666666664,0,19
M022,2026-04-22,H022,8.860999999999999,0.3692083333333333,0,21
M022,2026-04-29,H022,8.389000000000003,0.3495416666666668,0,20
M022,2026-04-03,H022,8.761999999999999,0.36508333333333326,0,20
M038,2026-04-13,H038,10.283000000000001,0.4284583333333334,0,20
M038,2026-04-07,H038,10.187,0.4429130434782608,0,20
M038,2026-04-21,H038,9.530999999999999,0.41439130434782606,0,20
M038,2026-04-09,H038,10.295,0.42895833333333333,0,20
M038,2026-04-16,H038,10.369,0.43204166666666666,0,21
M038,2026-04-17,H038,9.81,0.40875,0,20
M010,2026-04-15,H010,8.588,0.3578333333333333,0,20
M010,2026-04-09,H010,8.563999999999998,0.3568333333333333,0,19
M010,2026-04-16,H010,8.645999999999999,0.36024999999999996,0,20
M029,2026-04-02,H029,8.828999999999997,0.3678749999999999,0,20
M029,2026-04-09,H029,7.899,0.34343478260869564,0,20
M029,2026-04-16,H029,8.403,0.350125,0,20
M032,2026-04-13,H032,7.978,0.33241666666666664,0,20
M032,2026-04-27,H032,8.05,0.3354166666666667,0,21
M032,2026-04-07,H032,7.095999999999999,0.30852173913043474,0,19
M032,2026-04-14,H032,7.752,0.323,0,21
M032,2026-04-21,H032,8.414,0.3505833333333333,0,20
M032,2026-04-29,H032,8.099,0.33745833333333336,0,20
M032,2026-04-02,H032,8.011,0.33379166666666665,0,20
M032,2026-04-24,H032,7.598,0.3165833333333333,0,19
M032,2026-04-04,H032,9.093,0.378875,0,19
M032,2026-04-18,H032,9.040000000000001,0.3766666666666667,0,20
M031,2026-04-06,H031,7.901000000000002,0.3292083333333334,0,20
M031,2026-04-16,H031,7.859,0.32745833333333335,0,20
M031,2026-04-25,H031,8.921999999999999,0.37174999999999997,0,19
M027,2026-04-19,H027,7.789999999999999,0.3245833333333333,0,19
M027,2026-04-28,H027,7.7189999999999985,0.32162499999999994,0,19
M027,2026-04-24,H027,7.340999999999999,0.30587499999999995,0,21
M020,2026-04-19,H020,8.018,0.34860869565217395,0,21
M020,2026-04-06,H020,7.411000000000001,0.30879166666666674,0,20
M020,2026-04-08,H020,6.563,0.2983181818181818,0,20
M020,2026-04-30,H020,7.135000000000001,0.2972916666666667,0,20
M020,2026-04-25,H020,8.453000000000001,0.3522083333333334,0,20
M003,2026-04-05,H003,7.0760000000000005,0.32163636363636366,0,21
M003,2026-04-12,H003,7.584,0.316,0,19
M003,2026-04-06,H003,6.493999999999999,0.2705833333333333,0,20
M003,2026-04-27,H003,6.4479999999999995,0.26866666666666666,0,20
M003,2026-04-22,H003,6.538,0.2724166666666667,0,21
M003,2026-04-18,H003,7.749,0.32287499999999997,0,19
M001,2026-04-28,H001,6.921,0.288375,0,19
M001,2026-04-08,H001,7.44,0.31,0,21
M001,2026-04-18,H001,8.357,0.3482083333333333,0,19
M021,2026-04-05,H021,7.363,0.3067916666666667,0,20
M021,2026-04-27,H021,6.526000000000001,0.2719166666666667,0,20
M021,2026-04-21,H021,6.581,0.27420833333333333,0,20
M021,2026-04-01,H021,6.866999999999999,0.28612499999999996,0,20
M012,2026-04-05,H012,7.611999999999999,0.31716666666666665,0,20
M012,2026-04-13,H012,6.428000000000002,0.2678333333333334,0,20
M012,2026-04-07,H012,6.806,0.28358333333333335,0,20
M012,2026-04-16,H012,6.659000000000001,0.27745833333333336,0,20
M012,2026-04-30,H012,6.714,0.27975,0,20
M012,2026-04-25,H012,7.144,0.2976666666666667,0,21
M033,2026-04-19,H033,7.011000000000001,0.292125,0,19
M033,2026-04-21,H033,5.816999999999999,0.24237499999999998,0,20
M033,2026-04-02,H033,6.282,0.26175,0,20
M033,2026-04-16,H033,5.824,0.24266666666666667,0,19
M033,2026-04-18,H033,7.287999999999999,0.30366666666666664,0,20
M004,2026-04-05,H004,6.589999999999998,0.27458333333333323,0,21
M004,2026-04-13,H004,5.752000000000001,0.2500869565217392,0,19
M004,2026-04-27,H004,5.976999999999999,0.24904166666666663,0,20
M007,2026-04-13,H007,4.513999999999999,0.1880833333333333,0,19
M007,2026-04-08,H007,4.486999999999999,0.1869583333333333,0,21
M030,2026-04-20,H030,4.622999999999998,0.19262499999999994,0,20
M030,2026-04-08,H030,4.771000000000001,0.2074347826086957,0,20
M030,2026-04-15,H030,4.541,0.18920833333333334,0,20
M030,2026-04-16,H030,4.687,0.19529166666666667,0,20
M030,2026-04-10,H030,4.414000000000001,0.1839166666666667,0,20
M036,2026-04-15,H036,4.672999999999999,0.1947083333333333,0,20
M017,2026-04-21,H017,3.845,0.16020833333333334,0,20
M017,2026-04-16,H017,4.085999999999999,0.17024999999999998,0,20
M013,2026-04-20,H013,3.776,0.15733333333333333,0,20
M013,2026-04-27,H013,3.862,0.16091666666666668,0,20
M013,2026-04-29,H013,3.849,0.16037500000000002,0,20
M013,2026-04-23,H013,4.022,0.16758333333333333,0,20
M013,2026-04-04,H013,4.6370000000000005,0.19320833333333334,0,20
M013,2026-04-25,H013,4.529999999999999,0.18874999999999997,0,20
M005,2026-04-06,H005,3.9559999999999986,0.16483333333333328,0,21
M005,2026-04-08,H005,4.083,0.170125,0,20
M005,2026-04-10,H005,4.036,0.16816666666666666,0,19
M040,2026-04-13,H040,3.3520000000000003,0.1396666666666667,0,20
M040,2026-04-14,H040,3.3100000000000005,0.1379166666666667,0,19
M040,2026-04-08,H040,3.236,0.13483333333333333,0,20
M008,2026-04-16,H008,3.2800000000000002,0.1366666666666667,0,20
M008,2026-04-18,H008,3.915,0.163125,0,19
M037,2026-04-27,H037,2.605,0.10854166666666666,0,19
M037,2026-04-08,H037,2.6500000000000004,0.11041666666666668,0,20
M037,2026-04-03,H037,2.6060000000000003,0.10858333333333335,0,19
M016,2026-04-07,H016,1.363,0.056791666666666664,0,20
M016,2026-04-01,H016,1.3469999999999998,0.05612499999999999,0,21
M016,2026-04-23,H016,1.2970000000000002,0.054041666666666675,0,20
M016,2026-04-25,H016,1.504,0.06266666666666666,0,20
M036,2026-04-19,H036,5.372,0.22383333333333333,0,19
M036,2026-04-27,H036,4.555,0.18979166666666666,0,20
M036,2026-04-01,H036,4.646999999999999,0.19362499999999996,0,20
M036,2026-04-22,H036,4.838000000000001,0.20158333333333336,0,21
M017,2026-04-20,H017,3.8680000000000008,0.1611666666666667,0,20
M017,2026-04-01,H017,4.252,0.17716666666666667,1,20
M017,2026-04-29,H017,3.4379999999999997,0.1494782608695652,0,21
M013,2026-04-09,H013,3.8970000000000002,0.16943478260869566,0,19
M013,2026-04-30,H013,3.8129999999999993,0.15887499999999996,0,20
M005,2026-04-30,H005,4.099,0.17079166666666667,0,19
M005,2026-04-17,H005,3.9350000000000005,0.16395833333333334,0,19
M040,2026-04-15,H040,3.4019999999999997,0.14175,0,19
M040,2026-04-16,H040,3.3360000000000007,0.13900000000000004,0,20
M040,2026-04-18,H040,3.763,0.15679166666666666,0,20
M008,2026-04-02,H008,3.37,0.14041666666666666,0,20
M008,2026-04-30,H008,3.287,0.13695833333333332,0,19
M008,2026-04-10,H008,3.217,0.13404166666666667,0,20
M008,2026-04-04,H008,3.7329999999999997,0.15554166666666666,0,20
M037,2026-04-19,H037,2.98,0.12956521739130436,0,19
M037,2026-04-22,H037,2.6850000000000005,0.11187500000000002,0,21
M037,2026-04-09,H037,2.625,0.109375,0,19
M037,2026-04-23,H037,2.64,0.11,0,20
M016,2026-04-05,H016,1.537,0.06404166666666666,0,21
M016,2026-04-28,H016,1.2270000000000003,0.05112500000000001,0,20
M016,2026-04-18,H016,1.477,0.06154166666666667,0,20
M036,2026-04-12,H036,5.411,0.22545833333333332,0,21
M036,2026-04-17,H036,4.763,0.19845833333333332,0,20
M017,2026-04-12,H017,4.523999999999999,0.18849999999999997,0,20
M017,2026-04-26,H017,4.529,0.18870833333333334,0,20
M017,2026-04-18,H017,4.194999999999999,0.18239130434782605,0,21
M013,2026-04-28,H013,3.8309999999999995,0.159625,0,20
M013,2026-04-03,H013,3.895,0.16229166666666667,0,19
M005,2026-04-03,H005,4.0409999999999995,0.16837499999999997,0,20
M005,2026-04-04,H005,4.591,0.19129166666666667,0,20
M040,2026-04-27,H040,3.3090000000000006,0.13787500000000003,0,19
M040,2026-04-29,H040,3.253000000000001,0.1355416666666667,0,20
M040,2026-04-09,H040,3.3680000000000003,0.14033333333333334,0,20
M008,2026-04-27,H008,3.246,0.13525,0,20
M008,2026-04-24,H008,3.302,0.14356521739130435,0,21
M037,2026-04-29,H037,2.491,0.10379166666666667,0,19
M037,2026-04-30,H037,2.5970000000000004,0.1129130434782609,0,19
M037,2026-04-24,H037,2.571,0.10712500000000001,0,19
M037,2026-04-18,H037,3.123,0.13012500000000002,0,21
M016,2026-04-19,H016,1.4960000000000002,0.062333333333333345,0,19
M016,2026-04-27,H016,1.3650000000000004,0.056875000000000016,0,19
M016,2026-04-21,H016,1.3590000000000002,0.05662500000000001,0,20
M036,2026-04-05,H036,5.145,0.21437499999999998,0,21
M036,2026-04-13,H036,4.734,0.19725,0,19
M036,2026-04-28,H036,4.611000000000001,0.19212500000000002,0,20
M036,2026-04-08,H036,4.619,0.19245833333333331,0,20
M036,2026-04-16,H036,4.575999999999999,0.19066666666666662,0,20
M036,2026-04-23,H036,4.441,0.19308695652173913,0,19
M036,2026-04-30,H036,4.548,0.1895,0,20
M036,2026-04-10,H036,4.706999999999999,0.19612499999999997,0,19
M036,2026-04-04,H036,4.9639999999999995,0.21582608695652172,0,20
M036,2026-04-11,H036,5.281000000000001,0.2200416666666667,0,20
M036,2026-04-18,H036,5.169,0.21537499999999998,0,20
M036,2026-04-25,H036,5.327000000000001,0.23160869565217396,0,20
M017,2026-04-27,H017,3.746,0.15608333333333332,0,19
M017,2026-04-09,H017,3.7039999999999997,0.16104347826086957,0,20
M017,2026-04-10,H017,3.9250000000000003,0.16354166666666667,0,20
M017,2026-04-04,H017,4.63,0.19291666666666665,2,20
M017,2026-04-25,H017,4.497,0.18737499999999999,0,19
M013,2026-04-06,H013,3.907,0.16279166666666667,0,20
M013,2026-04-08,H013,3.8709999999999996,0.16129166666666664,0,19
M013,2026-04-16,H013,3.9779999999999998,0.16574999999999998,0,20
M013,2026-04-17,H013,4.172,0.1738333333333333,0,20
M005,2026-04-05,H005,4.704999999999999,0.19604166666666664,0,21
M005,2026-04-13,H005,3.744999999999999,0.15604166666666663,0,20
M005,2026-04-07,H005,3.95,0.16458333333333333,0,20
M005,2026-04-14,H005,3.736999999999999,0.16986363636363633,0,20
M005,2026-04-01,H005,3.917,0.16320833333333332,0,19
M005,2026-04-16,H005,3.9459999999999993,0.16441666666666663,0,20
M005,2026-04-11,H005,4.848999999999999,0.20204166666666665,0,21
M040,2026-04-10,H040,3.268,0.13616666666666666,0,19
M008,2026-04-26,H008,3.634000000000001,0.1514166666666667,0,20
M008,2026-04-14,H008,3.414,0.14225000000000002,0,20
M008,2026-04-17,H008,3.268,0.13616666666666666,0,20
M037,2026-04-02,H037,2.8080000000000007,0.11700000000000003,0,20
M037,2026-04-16,H037,2.536,0.1102608695652174,0,20
M037,2026-04-04,H037,3.0620000000000003,0.12758333333333335,0,20
M037,2026-04-25,H037,3.0410000000000004,0.12670833333333334,0,20
M016,2026-04-12,H016,1.5040000000000002,0.06266666666666668,0,20
M016,2026-04-08,H016,1.3820000000000003,0.05758333333333335,0,20
M016,2026-04-29,H016,1.3470000000000002,0.05856521739130436,0,20
M016,2026-04-16,H016,1.3420000000000003,0.05591666666666668,0,20
M016,2026-04-17,H016,1.247,0.051958333333333336,0,20
M016,2026-04-24,H016,1.2209999999999999,0.050875,0,21
M016,2026-04-11,H016,1.507,0.06279166666666666,0,20
M036,2026-04-26,H036,5.258,0.21908333333333332,0,21
M036,2026-04-29,H036,4.615,0.19229166666666667,0,21
M036,2026-04-03,H036,4.759,0.19829166666666667,0,20
M036,2026-04-24,H036,4.657,0.19404166666666667,0,20
M017,2026-04-15,H017,4.067,0.16945833333333335,0,19
M017,2026-04-03,H017,4.22,0.1758333333333333,0,21
M017,2026-04-17,H017,3.9199999999999995,0.1633333333333333,0,21
M017,2026-04-11,H017,4.614,0.19225,0,20
M013,2026-04-26,H013,4.624999999999999,0.1927083333333333,0,20
M013,2026-04-22,H013,4.1209999999999996,0.17170833333333332,0,20
M005,2026-04-12,H005,4.582,0.19091666666666665,0,19
M005,2026-04-19,H005,4.486000000000001,0.1869166666666667,0,19
M005,2026-04-20,H005,3.6229999999999993,0.15752173913043474,0,20
M005,2026-04-21,H005,4.053999999999999,0.16891666666666663,0,20
M005,2026-04-22,H005,3.7849999999999997,0.1577083333333333,0,19
M005,2026-04-02,H005,4.026,0.16774999999999998,0,21
M005,2026-04-24,H005,4.1850000000000005,0.17437500000000003,0,20
M040,2026-04-26,H040,3.768,0.157,0,20
M040,2026-04-01,H040,3.2290000000000005,0.1345416666666667,0,20
M040,2026-04-02,H040,3.438,0.14325000000000002,0,19
M040,2026-04-25,H040,3.685,0.15354166666666666,0,20
M008,2026-04-12,H008,3.8670000000000004,0.16112500000000002,0,21
M008,2026-04-19,H008,3.596,0.15634782608695652,0,20
M008,2026-04-13,H008,3.3710000000000004,0.14045833333333335,0,19
M008,2026-04-28,H008,3.391,0.14129166666666668,0,20
M008,2026-04-15,H008,3.343,0.13929166666666667,0,20
M037,2026-04-20,H037,2.726,0.11358333333333333,0,21
M037,2026-04-07,H037,2.614,0.10891666666666666,0,19
M037,2026-04-10,H037,2.5409999999999995,0.11047826086956519,0,20
M016,2026-04-26,H016,1.5000000000000004,0.06250000000000001,0,19
M016,2026-04-13,H016,1.3930000000000002,0.05804166666666668,0,20
M016,2026-04-02,H016,1.247,0.051958333333333336,0,20
M016,2026-04-03,H016,1.2820000000000003,0.053416666666666675,0,20
M016,2026-04-10,H016,1.3890000000000002,0.05787500000000001,0,19
M016,2026-04-04,H016,1.552,0.06466666666666666,0,21
M036,2026-04-21,H036,4.827000000000001,0.20112500000000003,0,21
M017,2026-04-02,H017,3.9909999999999997,0.16629166666666664,0,20
M017,2026-04-30,H017,3.8840000000000003,0.16183333333333336,0,20
M017,2026-04-24,H017,3.914,0.16308333333333333,0,19
M013,2026-04-05,H013,4.47,0.18625,0,20
M013,2026-04-12,H013,4.556,0.18983333333333333,0,19
M013,2026-04-21,H013,3.8519999999999994,0.16049999999999998,0,20
M013,2026-04-02,H013,4.0649999999999995,0.16937499999999997,1,20
M013,2026-04-24,H013,3.956,0.16483333333333333,0,20
M005,2026-04-27,H005,3.8980000000000006,0.16241666666666668,0,21
M005,2026-04-28,H005,4.111,0.17129166666666665,0,19
M005,2026-04-29,H005,4.069000000000001,0.1695416666666667,0,20
M040,2026-04-20,H040,3.3150000000000004,0.13812500000000003,0,20
M040,2026-04-28,H040,3.169,0.13204166666666667,0,21
M040,2026-04-22,H040,3.234,0.13475,0,19
M040,2026-04-23,H040,3.216,0.134,0,20
M040,2026-04-03,H040,3.1149999999999993,0.13543478260869563,0,19
M040,2026-04-04,H040,3.702999999999999,0.15429166666666663,1,20
M008,2026-04-05,H008,3.736999999999999,0.1557083333333333,0,20
M008,2026-04-20,H008,3.225,0.134375,0,21
M008,2026-04-21,H008,3.2350000000000003,0.13479166666666667,0,20
M008,2026-04-09,H008,3.4030000000000005,0.14179166666666668,0,20
M037,2026-04-28,H037,2.636,0.10983333333333334,0,20
M037,2026-04-11,H037,3.037,0.12654166666666666,0,20
M016,2026-04-06,H016,1.3430000000000002,0.05595833333333334,0,19
M016,2026-04-20,H016,1.4040000000000004,0.05850000000000002,0,20
M016,2026-04-09,H016,1.3880000000000001,0.05783333333333334,0,19
M016,2026-04-30,H016,1.2600000000000005,0.05478260869565219,0,19
M036,2026-04-20,H036,4.601000000000001,0.19170833333333337,0,20
M036,2026-04-07,H036,4.987,0.20779166666666668,0,19
M036,2026-04-02,H036,4.559000000000001,0.18995833333333337,0,19
M017,2026-04-05,H017,4.504,0.18766666666666665,0,19
M017,2026-04-13,H017,4.027,0.16779166666666667,0,20
M017,2026-04-07,H017,3.745,0.16282608695652173,0,19
M017,2026-04-14,H017,3.88,0.16166666666666665,0,20
M017,2026-04-28,H017,3.915000000000001,0.16312500000000005,0,20
M017,2026-04-08,H017,3.933,0.163875,0,20
M017,2026-04-23,H017,3.9159999999999995,0.16316666666666665,0,21
M013,2026-04-19,H013,4.331,0.18045833333333336,0,20
M013,2026-04-13,H013,3.873,0.16137500000000002,0,21
M013,2026-04-14,H013,3.8209999999999997,0.1592083333333333,0,20
M013,2026-04-10,H013,3.9160000000000004,0.16316666666666668,0,20
M013,2026-04-11,H013,4.6579999999999995,0.1940833333333333,1,20
M005,2026-04-26,H005,4.736999999999999,0.19737499999999997,0,21
M005,2026-04-15,H005,4.063999999999999,0.1693333333333333,0,20
M005,2026-04-23,H005,4.069,0.16954166666666667,0,19
M005,2026-04-25,H005,4.475,0.1864583333333333,0,19
M040,2026-04-05,H040,3.868,0.16116666666666665,0,21
M040,2026-04-19,H040,3.752,0.15633333333333332,0,20
M040,2026-04-30,H040,3.2140000000000004,0.13391666666666668,0,20
M040,2026-04-17,H040,3.278,0.13658333333333333,0,20
M008,2026-04-06,H008,3.3029999999999995,0.13762499999999997,0,20
M008,2026-04-01,H008,3.274000000000001,0.1364166666666667,1,21
M008,2026-04-22,H008,3.367,0.14029166666666668,0,21
M008,2026-04-29,H008,3.3049999999999997,0.13770833333333332,0,20
M008,2026-04-23,H008,3.3249999999999997,0.13854166666666665,0,19
M008,2026-04-11,H008,3.8409999999999997,0.16004166666666667,0,19
M008,2026-04-25,H008,3.6550000000000002,0.15891304347826088,0,20
M037,2026-04-05,H037,2.919,0.121625,0,20
M037,2026-04-14,H037,2.701,0.11254166666666666,0,19
M037,2026-04-21,H037,2.6570000000000005,0.11070833333333335,0,19
M016,2026-04-14,H016,1.238,0.051583333333333335,0,20
M016,2026-04-15,H016,1.313,0.05470833333333333,0,19
M036,2026-04-06,H036,4.769,0.19870833333333335,0,19
M036,2026-04-14,H036,4.9190000000000005,0.20495833333333335,0,20
M036,2026-04-09,H036,4.635999999999999,0.19316666666666663,0,20
M017,2026-04-19,H017,4.709999999999999,0.19624999999999995,0,20
M017,2026-04-06,H017,3.884000000000001,0.16183333333333336,0,19
M017,2026-04-22,H017,3.972,0.1655,0,19
M013,2026-04-07,H013,4.250000000000001,0.17708333333333337,0,20
M013,2026-04-01,H013,3.9599999999999995,0.16499999999999998,0,19
M013,2026-04-15,H013,3.8169999999999993,0.15904166666666664,0,19
M013,2026-04-18,H013,4.361,0.1896086956521739,0,19
M005,2026-04-09,H005,3.9699999999999998,0.16541666666666666,0,20
M005,2026-04-18,H005,4.714,0.19641666666666668,0,19
M040,2026-04-12,H040,3.7270000000000003,0.1552916666666667,0,21
M040,2026-04-06,H040,3.3880000000000003,0.1411666666666667,0,20
M040,2026-04-07,H040,3.0479999999999996,0.13252173913043477,0,20
M040,2026-04-21,H040,3.2330000000000005,0.14056521739130437,0,20
M040,2026-04-24,H040,3.3230000000000004,0.13845833333333335,0,20
M040,2026-04-11,H040,3.672,0.153,0,19
M008,2026-04-07,H008,3.142,0.13091666666666665,0,21
M008,2026-04-08,H008,3.258,0.14165217391304347,0,20
M008,2026-04-03,H008,3.3409999999999997,0.13920833333333332,0,20
M037,2026-04-12,H037,3.040000000000001,0.1266666666666667,0,20
M037,2026-04-26,H037,3.194,0.13308333333333333,0,19
M037,2026-04-06,H037,2.6630000000000003,0.11095833333333334,0,20
M037,2026-04-13,H037,2.7060000000000004,0.11275000000000002,0,19
M037,2026-04-01,H037,2.5450000000000004,0.10604166666666669,0,20
M037,2026-04-15,H037,2.69,0.11208333333333333,0,21
M037,2026-04-17,H037,2.783,0.11595833333333333,0,20
M016,2026-04-22,H016,1.3180000000000003,0.054916666666666676,0,19
